Org,# Unreachable,# Affected,% Unreachable,% Affected
AMAZON-02,2370,2577,23.7,25.77
CLOUDFLARENET,2349,2447,23.49,24.47
GOOGLE,450,476,4.5,4.760000000000001
AKAMAI-ASN2,216,665,2.16,6.65
SECURITYSERVICES,206,336,2.06,3.36
MICROSOFT-CORP-MSN-AS-BLOCK,187,237,1.87,2.37
NSONE,119,375,1.1900000000000002,3.75
TIGGEE,112,169,1.1199999999999999,1.69
GODADDY-DNS,45,95,0.44999999999999996,0.95
CLOUDNSNET Cloud DNS Ltd.,32,55,0.32,0.5499999999999999
ALIBABA-CN-NET Hangzhou Alibaba Advertising Co.,31,93,0.31,0.9299999999999999
ALIBABA-CN-NET Alibaba US Technology Co.,25,94,0.25,0.9400000000000001
ARVANCLOUD-CDN-,24,24,0.24,0.24
ORACLE-BMC-31898,23,48,0.22999999999999998,0.48
NICNET-VSNL-BOARDER-AP National Informatics Centre,22,22,0.22,0.22
TELETECH,22,22,0.22,0.22
FACEBOOK,21,21,0.21,0.21
OVH,20,68,0.2,0.6799999999999999
SERVERSTACK-ASN,19,19,0.19,0.19
AUTOMATTIC,19,19,0.19,0.19
IIJ Internet Initiative Japan Inc.,18,25,0.18,0.25
ADVANCEDHOSTERS-AS,18,22,0.18,0.22
ML-1432-54994,16,20,0.16,0.2
VK-AS,16,17,0.16,0.16999999999999998
EDGECAST,15,16,0.15,0.16
SELECTEL,15,28,0.15,0.27999999999999997
HETZNER-AS,15,84,0.15,0.84
TENCENT-NET-AP-CN Tencent Building,12,80,0.12,0.8
JANET Jisc Services Limited,12,18,0.12,0.18
AS-REG,11,13,0.11,0.13
SERVEREL-AS,11,11,0.11,0.11
HLL-AS,10,22,0.1,0.22
RCODEZERO-ANYCAST-SEC1-TLD RcodeZero Anycast DNS,8,39,0.08,0.38999999999999996
CCT-AS NGENIX,8,8,0.08,0.08
GMO-DNS GMO Internet,8,9,0.08,0.09
RU-CENTER,8,76,0.08,0.76
VITAL-DNS,7,8,0.06999999999999999,0.08
WIKIMEDIA,7,7,0.06999999999999999,0.06999999999999999
BEGET-AS,7,8,0.06999999999999999,0.08
LEVEL3,7,20,0.06999999999999999,0.2
LGNET-AS-KR LG CNS,7,7,0.06999999999999999,0.06999999999999999
DDOS-GUARD,7,13,0.06999999999999999,0.13
AKAMAI-LINODE-AP Akamai Connected Cloud,7,27,0.06999999999999999,0.27
NHN-AS-KR NAVER Cloud Corp.,7,16,0.06999999999999999,0.16
ATT-INTERNET4,6,20,0.06,0.2
TELEFONICA_DE_ESPANA,6,9,0.06,0.09
IONOS-AS This is the joint network for IONOS,6,31,0.06,0.31
VKONTAKTE-SPB-AS vk.com,6,6,0.06,0.06
GCORE,6,7,0.06,0.06999999999999999
ASIATECH,6,8,0.06,0.08
NUCDN,6,9,0.06,0.09
RAMBLER-TELECOM-AS,5,5,0.05,0.05
SOFTLAYER,5,13,0.05,0.13
CENTURYLINK-US-LEGACY-QWEST,5,9,0.05,0.09
DIGITALOCEAN-ASN,5,25,0.05,0.25
HOSTISERVER,5,5,0.05,0.05
VEEPEE-SDN,5,5,0.05,0.05
RAGE4-ANYCAST-AS,5,6,0.05,0.06
LGDACOM LG DACOM Corporation,5,9,0.05,0.09
EURO-INFORMATION,5,5,0.05,0.05
SERVICO FEDERAL DE PROCESSAMENTO DE DADOS - SERPRO,5,5,0.05,0.05
COMCAST-7922,5,8,0.05,0.08
TTNET,5,6,0.05,0.06
FASTLY,5,5,0.05,0.05
BT-UK-AS BTnet UK Regional network,5,7,0.05,0.06999999999999999
SERVERS-COM,5,8,0.05,0.08
DEFENSE-NET,4,12,0.04,0.12
NETACTUATE-AS-AP NetActuate,4,125,0.04,1.25
CANONICAL-AS,4,4,0.04,0.04
UUNET,4,14,0.04,0.13999999999999999
KAKAO-10158-AS-KR Kakao Corp,4,4,0.04,0.04
SEZNAM-,4,4,0.04,0.04
REFLECTED,4,6,0.04,0.06
DFN Verein zur Foerderung eines Deutschen Forschungsnetzes e.V.,4,12,0.04,0.12
AGORA,4,4,0.04,0.04
THOMSON-REUTERS,4,4,0.04,0.04
ERX-CERNET-BKB China Education and Research Network Center,4,7,0.04,0.06999999999999999
RASANA,4,4,0.04,0.04
DTAG Internet service provider operations,4,8,0.04,0.08
GANDI-AS Domain name registrar - www.gandi.net,4,28,0.04,0.27999999999999997
RAKUTEN Rakuten Group,4,4,0.04,0.04
BADOO-U,4,4,0.04,0.04
ZILORE,4,5,0.04,0.05
YANDEXCLOUD,4,10,0.04,0.1
ROSTELECOM-AS,4,12,0.04,0.12
SWISSCOM Swisscom Switzerland Ltd,4,6,0.04,0.06
IDCF IDC Frontier Inc.,4,6,0.04,0.06
SWITCH Peering requests: peering@switch.ch,4,10,0.04,0.1
EDGECENTERLLC,4,13,0.04,0.13
GANDI-LIVEDNS AS for LiveDNS Anycast servers,4,22,0.04,0.22
COGECO-PEER1,3,5,0.03,0.05
RELIANCEJIO-IN Reliance Jio Infocomm Limited,3,3,0.03,0.03
INFOMANIAK-AS,3,3,0.03,0.03
SMH-AS,3,3,0.03,0.03
CHINANET-BACKBONE No.31,3,67,0.03,0.67
INCAPSULA,3,3,0.03,0.03
Azion Technologies Ltda.,3,3,0.03,0.03
GOOGLE-CLOUD-PLATFORM,3,22,0.03,0.22
OPENDNS,3,3,0.03,0.03
AMAZON-AES,3,58,0.03,0.58
CHINAMOBILE-CN China Mobile Communications Group Co.,3,28,0.03,0.27999999999999997
TRITONDIGITAL,3,3,0.03,0.03
KIR KAGOYA JAPAN Inc.,3,4,0.03,0.04
OCN NTT Communications Corporation,3,7,0.03,0.06999999999999999
AS-CRITEO,3,3,0.03,0.03
Nucleo de Inf. e Coord. do Ponto BR - NIC.,3,3,0.03,0.03
LYCOS,3,3,0.03,0.03
AARNET-AS-AP Australian Academic and Research Network AARNet,3,8,0.03,0.08
CANTV Servicios,3,3,0.03,0.03
ONECOM,3,3,0.03,0.03
ASN-APPNEX,3,3,0.03,0.03
ASN-IBSNAZ,3,8,0.03,0.08
Globo Comunicacao e Participacoes SA,3,3,0.03,0.03
ASEPL-AS-AP Alibaba Cloud Singapore Private Limited,3,33,0.03,0.33
STACKPATH-CDN,3,3,0.03,0.03
ASGARR Consortium GARR,3,3,0.03,0.03
CNNIC-CRITICAL-AP China Internet Network Infomation Center,3,4,0.03,0.04
TENCENT-NET-AP Shenzhen Tencent Computer Systems Company Limited,3,61,0.03,0.61
CENTURYLINK-LEGACY-SAVVIS,3,7,0.03,0.06999999999999999
AICS Otsuka Corp.,3,3,0.03,0.03
ODN SoftBank Corp.,3,7,0.03,0.06999999999999999
DTLN,3,6,0.03,0.06
LA-POSTE,3,3,0.03,0.03
SECTIGO,3,3,0.03,0.03
TRELLIAN-AS-AP Trellian Pty. Limited,3,3,0.03,0.03
TELEPOINT,3,4,0.03,0.04
AMERITECH-AS,3,3,0.03,0.03
USDOJ-GOV,3,3,0.03,0.03
LLNW,3,7,0.03,0.06999999999999999
MF-MGSM-AS PJSC MegaFon,3,3,0.03,0.03
KDDI KDDI CORPORATION,2,7,0.02,0.06999999999999999
FORCEPOINT-CLOUD-AS,2,2,0.02,0.02
HAPROXY-TECHNOLOGIES,2,2,0.02,0.02
GIGAINFRA SoftBank Corp.,2,4,0.02,0.04
SO-NET Sony Network Communications Inc.,2,2,0.02,0.02
BLUECLOUD Shanghai Blue Cloud Technology Co.,2,2,0.02,0.02
SURFNET-NL SURFnet,2,9,0.02,0.09
PANDORA-EQX-SJL,2,3,0.02,0.03
LIQUIDWEB,2,3,0.02,0.03
SEVEREN-TELECOM_TRANSIT SEVEREN-TELECOM,2,2,0.02,0.02
STYRIA_AS,2,2,0.02,0.02
BELNET,2,4,0.02,0.04
SEFROYEKPARDAZENG-AS Sefroyek Pardaz Engineering Company,2,2,0.02,0.02
TUT-AS,2,5,0.02,0.05
LEE-ASN,2,2,0.02,0.02
BEZEQ-INTERNATIONAL-AS Bezeqint Internet Backbone,2,2,0.02,0.02
HURRICANE,2,14,0.02,0.13999999999999999
HMC-AS Hyundai Autoever Corp.,2,2,0.02,0.02
UNINET,2,3,0.02,0.03
KAISER-NCAL,2,2,0.02,0.02
VTDC-AS-VN Vietel - CHT Compamy Ltd,2,5,0.02,0.05
SIFY-AS-IN Sify Limited,2,2,0.02,0.02
BBIL-AP BHARTI Airtel Ltd.,2,4,0.02,0.04
UNITEDNET,2,12,0.02,0.12
CELLCO-PART,2,4,0.02,0.04
AS-CHOOPA,2,15,0.02,0.15
SOPRADO-ANY,2,2,0.02,0.02
NFORCE,2,12,0.02,0.12
EPA-NET,2,2,0.02,0.02
RUSPOST,2,2,0.02,0.02
INFOWEB FUJITSU LIMITED,2,3,0.02,0.03
MTS,2,6,0.02,0.06
UU-ITNNET,2,2,0.02,0.02
Online SAS,2,19,0.02,0.19
SVYAZNOY-CHAIN-AS LLC Svyaznoy Chain ES,2,2,0.02,0.02
EZRI-36323,2,2,0.02,0.02
EAGLEEYENETWORKS,2,2,0.02,0.02
HOSTHATCH,2,2,0.02,0.02
MEO-RESIDENCIAL,2,3,0.02,0.03
RAILTEL-AS-IN RailTel Corporation of India Ltd,2,2,0.02,0.02
CHARTER-20115,2,2,0.02,0.02
8X8-AS,2,2,0.02,0.02
SCIP-AS Soluciones Corporativas IP SCIP,2,2,0.02,0.02
UMA-TECH-AS,2,3,0.02,0.03
WIBO-AS,2,2,0.02,0.02
OTENET-GR Athens - Greece,2,2,0.02,0.02
DAILYMOTION For peering related business,2,2,0.02,0.02
CHINANET-NANJING-JISHAN-IDC CHINANET Nanjing Jishan IDC network,2,9,0.02,0.09
INTERNET-ARCHIVE,2,3,0.02,0.03
ICANN-ANYCASTED-SERVICES,2,5,0.02,0.05
NTL,2,2,0.02,0.02
OMNITURE,2,7,0.02,0.06999999999999999
UCDN,2,2,0.02,0.02
UNC-CH,2,4,0.02,0.04
HHSNET-NOC-ASN,2,2,0.02,0.02
TELENET-AS,2,2,0.02,0.02
RICOH-NET RICOH Company,2,2,0.02,0.02
STATEFARMINSCO-2,2,2,0.02,0.02
JHU,2,2,0.02,0.02
LOOPIA,2,2,0.02,0.02
VIDEOTRON,2,2,0.02,0.02
COLT COLT Technology Services Group Limited,2,9,0.02,0.09
UTAH,2,2,0.02,0.02
ANX-CLOUDDNS powered by ANX,2,2,0.02,0.02
TRANSIP-AS Amsterdam,2,2,0.02,0.02
UHC,2,2,0.02,0.02
HWCLOUDS-AS-AP HUAWEI CLOUDS,2,20,0.02,0.2
IQIYI-AS-AP Beijing IQIYI Science & Technology Co.,2,2,0.02,0.02
CHINANET-IDC-BJ-AP IDC,2,42,0.02,0.42
INTERNET-PRO-AS,2,2,0.02,0.02
France Telecom - Orange,2,3,0.02,0.03
AS-AFILIAS1,2,8,0.02,0.08
WEBEDIA-AS,2,2,0.02,0.02
AS_MIKROTIKLS,2,2,0.02,0.02
CPI-NET KDDI Web Communications Inc.,2,2,0.02,0.02
VNPT-AS-VN VNPT Corp,2,11,0.02,0.11
ANT-AS,2,2,0.02,0.02
KINESCOPE-AS,2,2,0.02,0.02
RCS-RDS 73-75 Dr. Staicovici,2,2,0.02,0.02
CIZGI,2,2,0.02,0.02
RTCOMM-AS,2,6,0.02,0.06
ZEN-ECN,2,9,0.02,0.09
HUD,1,1,0.01,0.01
NSK NSK Co.,1,2,0.01,0.02
ALLY-FINANCIAL,1,1,0.01,0.01
CSTNET-AS-AP Computer Network Information Center of Chinese Academy of Sciences CNIC-CAS,1,2,0.01,0.02
TELEFONICA BRASIL S.A,1,1,0.01,0.01
AS22252,1,1,0.01,0.01
NUS-AS-AP NUS Information Technology,1,1,0.01,0.01
ZDF-AS,1,1,0.01,0.01
T-Systems do Brasil Ltda.,1,1,0.01,0.01
INTERFAX,1,1,0.01,0.01
ESET-AS,1,1,0.01,0.01
PORTLANE www.portlane.com,1,3,0.01,0.03
MMC,1,1,0.01,0.01
UPS-AS4972,1,1,0.01,0.01
LDCOMNET,1,1,0.01,0.01
TDIR-CAPNET,1,1,0.01,0.01
ICDSOFT,1,1,0.01,0.01
GPO-NET,1,1,0.01,0.01
PARTNER-AS,1,1,0.01,0.01
FUTURE Future Spirits Co.,1,1,0.01,0.01
Sixsigma Networks Mexico,1,1,0.01,0.01
TNET-AS,1,1,0.01,0.01
UNIVERSITY-OF-HOUSTON,1,1,0.01,0.01
WA-STATE-GOV,1,1,0.01,0.01
MCCI-AS,1,1,0.01,0.01
Confederacao Int. das Coop. Ligadas ao SICREDI,1,1,0.01,0.01
RUNNET,1,1,0.01,0.01
SGGS-AS-AP SG.GS,1,1,0.01,0.01
KSU,1,1,0.01,0.01
USPTO,1,1,0.01,0.01
CCF-NETWORK,1,1,0.01,0.01
GLOBE-AS www.active24.cz,1,3,0.01,0.03
BRM-AS,1,1,0.01,0.01
COLOMBIA TELECOMUNICACIONES S.A. ESP,1,1,0.01,0.01
TATACOMM-AS TATA Communications formerly VSNL is Leading ISP,1,6,0.01,0.06
SBERBANK-TELECOM,1,1,0.01,0.01
LNH-INC,1,1,0.01,0.01
ANSES - Administracion Nacional de la Seguridad Social,1,1,0.01,0.01
GEORGE-MASON-UNIV,1,1,0.01,0.01
NORTHROP-GRUMMAN,1,1,0.01,0.01
CANTIRE,1,1,0.01,0.01
DESYNC,1,1,0.01,0.01
ALFA-BANK-AS,1,1,0.01,0.01
ASN-FLEXENTIAL,1,2,0.01,0.02
BAIDUJP Baidu,1,2,0.01,0.02
PAYCHEX,1,1,0.01,0.01
GTT-BACKBONE GTT,1,5,0.01,0.05
MCI-ASN,1,2,0.01,0.02
PROGRESSIVE-AS,1,1,0.01,0.01
MONST-2AS,1,1,0.01,0.01
DUKE-INTERCHANGE,1,1,0.01,0.01
SKTELECOM-NET-AS SK Telecom,1,1,0.01,0.01
Viale Europa,1,1,0.01,0.01
DIRECTV-BROADBAND,1,1,0.01,0.01
FR-RENATER Reseau National de telecommunications pour la Technologie,1,7,0.01,0.06999999999999999
ECRITEL-FRANCE ISP and web hosting.,1,1,0.01,0.01
Universidad Nacional Autonoma de Mexico,1,1,0.01,0.01
UCSF,1,1,0.01,0.01
GENERAL-MOTORS-CORPORATION,1,1,0.01,0.01
ER-TELECOM-AS,1,1,0.01,0.01
GWU,1,1,0.01,0.01
GODADDY,1,2,0.01,0.02
CT-HUNAN-HENGYANG-IDC Hengyang,1,1,0.01,0.01
SIUE,1,1,0.01,0.01
RU-TELSERVT-MIX-AS Telekom Servis T at Moscow,1,1,0.01,0.01
BIGLOBE BIGLOBE Inc.,1,1,0.01,0.01
TEAM-BLUE-DENMARK,1,2,0.01,0.02
ASN-MEDTRONIC-1,1,1,0.01,0.01
SSSGOV-AS-AP Social Security System,1,1,0.01,0.01
MACOMNET,1,3,0.01,0.03
ESA Robert Bosch Strasse 5,1,1,0.01,0.01
LSU-1,1,2,0.01,0.02
RISQ-AS,1,2,0.01,0.02
UIC-AS,1,2,0.01,0.02
TWC-7843-BB,1,1,0.01,0.01
ROMARG HOSTING,1,1,0.01,0.01
TEAM-CYMRU,1,1,0.01,0.01
WSU-PUL-AS,1,1,0.01,0.01
TPSUZ-AS EAST TELECOM ISP ET,1,1,0.01,0.01
MEDIA6-ASN,1,1,0.01,0.01
KAZTELECOM-AS,1,3,0.01,0.03
ZENON-AS Moscow,1,2,0.01,0.02
INTERNODE-AS Internode Pty Ltd,1,2,0.01,0.02
UR,1,1,0.01,0.01
MSYS-AS,1,1,0.01,0.01
-Reserved AS-,1,1,0.01,0.01
A1-BY-AS,1,2,0.01,0.02
LITRES-AS,1,1,0.01,0.01
GTSCE GTS Central Europe Antel Germany,1,4,0.01,0.04
PROXIMUS-ISP-AS,1,2,0.01,0.02
CT-GUANGZHOU-IDC CHINANET Guangdong province network,1,6,0.01,0.06
BACOM,1,1,0.01,0.01
WEBZILLA,1,6,0.01,0.06
UPITT-AS,1,1,0.01,0.01
ROSGOSSTRAKH Rosgosstrakh Insurance Company PJSC ,1,1,0.01,0.01
HOSTPOINT-AS,1,1,0.01,0.01
BANCO DO BRASIL S.A.,1,1,0.01,0.01
CT-EDU-NET,1,1,0.01,0.01
ABB IS Infrastructure & ServicesBS-ISI,1,1,0.01,0.01
CH-POSTNETZ Post CH AG,1,1,0.01,0.01
PLANETHOSTER-8,1,1,0.01,0.01
KROGER,1,1,0.01,0.01
GLOBAL-PAYMENTS-1,1,1,0.01,0.01
EASYLINK2,1,1,0.01,0.01
RBRU-AS,1,1,0.01,0.01
METLIFE-ASN,1,1,0.01,0.01
DOE-HQ,1,3,0.01,0.03
DIGITALONE-AS,1,1,0.01,0.01
GE-MS003,1,1,0.01,0.01
KIXS-AS-KR Korea Telecom,1,4,0.01,0.04
MOJOHOST,1,1,0.01,0.01
METTEL,1,1,0.01,0.01
WAYPORT,1,1,0.01,0.01
BOEING196,1,1,0.01,0.01
ASN-TELSTRA Telstra Corporation Ltd,1,3,0.01,0.03
NETARTGROUP,1,1,0.01,0.01
CIT-AS,1,1,0.01,0.01
SERVERCENTRAL,1,3,0.01,0.03
UNIVHAWAII,1,2,0.01,0.02
SFU-AS,1,1,0.01,0.01
GALAXYDATA,1,2,0.01,0.02
VSD-CMH,1,1,0.01,0.01
CZNIC-AS,1,1,0.01,0.01
NMM-AS D - 02742 Friedersdorf Hauptstrasse 68,1,2,0.01,0.02
US-BANCORP,1,1,0.01,0.01
STATE-OF-WISCONSIN-AS1,1,1,0.01,0.01
STATE-OF-COLORADO-MNT-NETWORK,1,1,0.01,0.01
T-HT Croatian Telecom Inc.,1,1,0.01,0.01
HOTZE-AS hotze.com GmbH,1,1,0.01,0.01
ERX-TANET-ASN1 Taiwan Academic Network TANet Information Center,1,1,0.01,0.01
CAT-CLOUD-AP CAT Telecom Public Company Limited,1,1,0.01,0.01
ASN-PANSERVICE,1,1,0.01,0.01
BAHNHOF,1,1,0.01,0.01
Banco de Galicia y Buenos Aires,1,1,0.01,0.01
BIZLAND-SD,1,1,0.01,0.01
SPUTNIK,1,1,0.01,0.01
ALGTEL-AS,1,1,0.01,0.01
CODERO-DFW,1,1,0.01,0.01
DATTO-DOM,1,1,0.01,0.01
UVM-EDU-AS,1,1,0.01,0.01
GLOBALLAYER,1,1,0.01,0.01
VCU-ASN1,1,1,0.01,0.01
MTSBY-AS,1,1,0.01,0.01
MINISTERO-ESTERI-AS,1,1,0.01,0.01
CIETNET RongHua Road No.11,1,1,0.01,0.01
SERVERIR,1,1,0.01,0.01
CYBERCON,1,1,0.01,0.01
SAFENAMES-AS,1,1,0.01,0.01
UNT-CAMPUS-AS,1,1,0.01,0.01
VODAFONE_UK_ASN,1,1,0.01,0.01
HOTNET-IL HOTmobile,1,1,0.01,0.01
ATMAN-ISP-AS ATM S.A.,1,4,0.01,0.04
TCI,1,2,0.01,0.02
CTRLS-AS-IN CtrlS,1,1,0.01,0.01
Servicio de Impuestos Internos,1,1,0.01,0.01
UNIFIEDLAYER-AS-1,1,1,0.01,0.01
IRANCELL-AS,1,1,0.01,0.01
GCAP-AS,1,1,0.01,0.01
AS6220,1,1,0.01,0.01
Fundacion Centro Nacional de Innovacion Tecnologica CENIT,1,1,0.01,0.01
LM-CORP,1,1,0.01,0.01
NSC,1,1,0.01,0.01
UZINFOCOM,1,1,0.01,0.01
HOMEDEPOTNET,1,1,0.01,0.01
MOFA,1,1,0.01,0.01
ZTK-AS,1,1,0.01,0.01
CARNET-AS J.Marohnica 5,1,1,0.01,0.01
VODAFONE-PT Vodafone Portugal,1,1,0.01,0.01
WORLD-NEWS,1,1,0.01,0.01
DJP-AS-ID DIREKTORAT JENDERAL PAJAK,1,1,0.01,0.01
ISSP-AS-AP Internet Solution & Service Provider Co.,1,1,0.01,0.01
VODAFONETURKEY,1,1,0.01,0.01
AFP-NET,1,1,0.01,0.01
DREXEL-ASN,1,1,0.01,0.01
UK2NET-AS,1,1,0.01,0.01
MANGOTELESERVICE-AS-BD Tire-1 IP Transit Provider of Bangladesh,1,1,0.01,0.01
MASTERHOST-AS Moscow,1,1,0.01,0.01
HEXATOM,1,1,0.01,0.01
AEROTEK-AS,1,1,0.01,0.01
TELKOMNET-AS-AP PT Telekomunikasi Indonesia,1,2,0.01,0.02
INVITECH,1,1,0.01,0.01
TIDCC-AS-AP True Internet Data Center Company Limited,1,1,0.01,0.01
UC-DOM,1,1,0.01,0.01
IFX18747,1,1,0.01,0.01
NBPAP-AS-AP NAVER BUSINESS PLATFORM ASIA PACIFIC PTE. LTD.,1,1,0.01,0.01
TPG-INTERNET-AP TPG Telecom Limited,1,1,0.01,0.01
PTSERVIDOR,1,1,0.01,0.01
E2E-NETWORKS-IN 282,1,1,0.01,0.01
ELSERVER S.R.L,1,1,0.01,0.01
HFI-18-13882,1,1,0.01,0.01
NSS S.A.,1,1,0.01,0.01
ASN-NERIM,1,1,0.01,0.01
SMILESERV-AS-KR SMILESERV,1,1,0.01,0.01
LANET-1,1,1,0.01,0.01
FANAPTELECOM-FCP,1,1,0.01,0.01
RTLNET-ASN,1,1,0.01,0.01
SUCURI-SEC,1,1,0.01,0.01
MACHBA-AS ILAN,1,1,0.01,0.01
TELONE,1,1,0.01,0.01
LINTASARTA-AS-AP PT Aplikanusa Lintasarta,1,1,0.01,0.01
EPM Telecomunicaciones S.A. E.S.P.,1,1,0.01,0.01
MTNNS-AS,1,1,0.01,0.01
UA,1,1,0.01,0.01
ROCKWELLCOLLINS-AS,1,1,0.01,0.01
AS-ELECTRON,1,1,0.01,0.01
EATON-CORPORATION,1,1,0.01,0.01
ALASKA-ANET,1,1,0.01,0.01
GMOCL-NET GMO GlobalSign Holdings K.K.,1,1,0.01,0.01
GOANET,1,1,0.01,0.01
NETWORK-SOLUTIONS-HOSTING,1,1,0.01,0.01
Ferenz Networks,1,1,0.01,0.01
DEPKES-AS-ID Departemen Kesehatan,1,1,0.01,0.01
SINGAPORE-AS-AP Singapore Pools Private Limited,1,1,0.01,0.01
NCAR-AS,1,1,0.01,0.01
SUNRISE,1,1,0.01,0.01
RELIANCE-COMMUNICATIONS-IN Reliance Communications Ltd.DAKC MUMBAI,1,1,0.01,0.01
BORUSANTELEKOM-AS,1,1,0.01,0.01
BEOTEL-AS www.beotel.net,1,1,0.01,0.01
Centro Integrado de Telematica do Exercito,1,1,0.01,0.01
EVEO S.A.,1,1,0.01,0.01
AMUAS1,1,1,0.01,0.01
MTSTGOV,1,1,0.01,0.01
VERSATEL,1,1,0.01,0.01
SINGLEHOP-LLC,1,1,0.01,0.01
ECARD-AS,1,1,0.01,0.01
BANESCO BANCO UNIVERSAL,1,1,0.01,0.01
Techtel LMDS Comunicaciones Interactivas S.A.,1,1,0.01,0.01
STATEOFDE,1,1,0.01,0.01
UCOM ARTERIA Networks Corporation,1,2,0.01,0.02
NETWORKMARYLAND,1,1,0.01,0.01
RAI-AS,1,3,0.01,0.03
SKYROCK,1,1,0.01,0.01
TUDELFT-NL DTO TUDELFT,1,1,0.01,0.01
CYON,1,1,0.01,0.01
AVON,1,1,0.01,0.01
APNIC-SERVICES Asia Pacific Network Information Centre,1,1,0.01,0.01
OREGON,1,1,0.01,0.01
JJAA-AS,1,1,0.01,0.01
CW Vodafone Group PLC,1,1,0.01,0.01
SYRACUSE-UNIVERSITY,1,1,0.01,0.01
AS-HOSTINGER,1,1,0.01,0.01
TEXASNET-ASN,1,1,0.01,0.01
EMP. DE TEC. E INF. DA PREVIDENCIA - DATAPREV,1,1,0.01,0.01
CONTABO,1,2,0.01,0.02
CIGNA-1,1,1,0.01,0.01
UKANS,1,1,0.01,0.01
FBDC FreeBit Co.,1,1,0.01,0.01
SIOL-NET Telekom Slovenije d.d.,1,1,0.01,0.01
CHINANET-JIANGSU-PROVINCE-IDC AS Number for CHINANET jiangsu province backbone,1,1,0.01,0.01
UTK,1,1,0.01,0.01
VS-AS,1,1,0.01,0.01
TISCALI-,1,1,0.01,0.01
EUSHC,1,1,0.01,0.01
UNINETT UNINETT,1,2,0.01,0.02
AS9081 B92-NET Autonomous System,1,1,0.01,0.01
ASN-IDC T.NO.OM.I.NC,1,3,0.01,0.03
CLEMSONU,1,1,0.01,0.01
OMNIS-ANYCAST-1,1,1,0.01,0.01
SKYTV-AS,1,1,0.01,0.01
UKYEDU,1,1,0.01,0.01
RASCOM-AS CJSC RASCOM ISP,1,3,0.01,0.03
OPTAGE OPTAGE Inc.,1,1,0.01,0.01
HPES,1,2,0.01,0.02
ARSAT - Empresa Argentina de Soluciones Satelitales S.A.,1,1,0.01,0.01
VODACOM-,1,1,0.01,0.01
Telmex Colombia S.A.,1,1,0.01,0.01
AS-COLOCROSSING,1,3,0.01,0.03
TOKAI TOKAI Communications Corporation,1,1,0.01,0.01
AS12348 Hermann-Glockner-Str. 7,1,1,0.01,0.01
UBN-AS,1,2,0.01,0.02
JSCBIS-AS,1,2,0.01,0.02
DOCLER-AS,1,1,0.01,0.01
WEST-NET-WEST,1,1,0.01,0.01
UCONN-ARIN,1,1,0.01,0.01
TELUS Communications,1,2,0.01,0.02
TAFFITV-AS,1,1,0.01,0.01
UOW-AS,1,2,0.01,0.02
PAIR-NETWORKS,1,1,0.01,0.01
SWIFTYCDN-AS,1,1,0.01,0.01
DINAHOSTING-AS,1,2,0.01,0.02
HKTIMS-AP HKT Limited,1,1,0.01,0.01
ASN-UNOV Vienna International Centre,1,1,0.01,0.01
WHOLE-FOODS,1,1,0.01,0.01
Uruguay,1,1,0.01,0.01
PRESIDENCIA DA REPUBLICA,1,1,0.01,0.01
WEBLAND-AS CH-4142 Muenchenstein,1,1,0.01,0.01
SMULE,1,1,0.01,0.01
UWO-AS,1,1,0.01,0.01
ATG-11608,1,1,0.01,0.01
TMA Magenta Telekom,1,1,0.01,0.01
RISL-AS-IN Rajcomp Info Services Ltd.,1,1,0.01,0.01
COMCAST-COMM-MGT-1,1,1,0.01,0.01
SANTANDER_BANK_POLSKA_S_A,1,1,0.01,0.01
SUPERSERVERSDATACENTER,1,1,0.01,0.01
TURKCELL-AS Turkcell A.S.,1,1,0.01,0.01
AS-CHI-CORP,1,1,0.01,0.01
CDK-GLOBAL-HOSTING-FB,1,1,0.01,0.01
ARVAKUR-NET,1,1,0.01,0.01
BMS-AS,1,1,0.01,0.01
TE-AS TE-AS,1,1,0.01,0.01
VECTANT ARTERIA Networks Corporation,1,2,0.01,0.02
TUCOWS-TRS-SRS,1,1,0.01,0.01
ISU Internet Services Unit ISU,1,1,0.01,0.01
CF-KRK,1,1,0.01,0.01
AS-NETZERO,1,1,0.01,0.01
AS-DGX,1,1,0.01,0.01
HVOSTING-AS,1,1,0.01,0.01
AIREE IPv4 RU01 Upstream RTCOMM,1,1,0.01,0.01
VODANET International IP-Backbone of Vodafone,1,2,0.01,0.02
IPANDMORE,1,1,0.01,0.01
BLUETONE-AS The Czech Republic,1,1,0.01,0.01
ASBOUN,1,1,0.01,0.01
YOTTAA-AS-1,1,1,0.01,0.01
ACENS_AS Spain Hosting,1,1,0.01,0.01
ALLSTATE-INSURANCE-CO,1,1,0.01,0.01
CONFLUENCE-NETWORK-INC,1,1,0.01,0.01
CESNET2,1,4,0.01,0.04
EXPONENTIAL-E-AS,1,1,0.01,0.01
IMS3,1,1,0.01,0.01
EUNET,1,3,0.01,0.03
MEGALABS-AS,1,1,0.01,0.01
FNA-CDN,1,1,0.01,0.01
ILLINOIS-CENTURY,1,1,0.01,0.01
EXIMIUS-AS,1,1,0.01,0.01
BELWUE BelWue-Koordination,1,2,0.01,0.02
GENEANET,1,1,0.01,0.01
RESPONSYS,1,1,0.01,0.01
VNIIKR-AS,1,1,0.01,0.01
CLARANET-AS ClaraNET LTD,1,1,0.01,0.01
FSKNET-DK Forskningsnettet - Danish network for Research and Education,1,2,0.01,0.02
ROSINTEL-AS,1,1,0.01,0.01
Telecom Argentina S.A.,1,2,0.01,0.02
GDY-FRANCE,1,1,0.01,0.01
SKROUTZ-,1,1,0.01,0.01
TELLCOM-AS,1,3,0.01,0.03
UNICOM-GUANGZHOU-IDC China Unicom Guangdong IP network,1,18,0.01,0.18
ASN-MGTS-USPD,1,3,0.01,0.03
FASTWEB,1,1,0.01,0.01
UIDAI-AS-IN Unique Identification Authority of India,1,1,0.01,0.01
JWS-ASN-01,1,1,0.01,0.01
DIGIKALA Noavaran Fan Avazeh Digikala,1,1,0.01,0.01
NYS,1,1,0.01,0.01
SPCS,1,1,0.01,0.01
AS-SSI,1,1,0.01,0.01
Cia Proc. de Dados do Estado de S Paulo - Prodesp,1,2,0.01,0.02
TDDE-ASN1,1,1,0.01,0.01
AS-SERVICEPIPE,1,7,0.01,0.06999999999999999
AS-TURKSAT,1,1,0.01,0.01
ERTELECOM-DC-AS,1,1,0.01,0.01
BJKSCNET Beijing Kingsoft Cloud Internet Technology Co.,1,3,0.01,0.03
RU-JSCIOT,1,6,0.01,0.06
PROXAD,1,4,0.01,0.04
RIGHTMOVE,1,1,0.01,0.01
ASN-CXA-ALL-CCI-22773-RDC,1,1,0.01,0.01
DOCOMO NTT DOCOMO,1,1,0.01,0.01
EDGEAMLLC,1,7,0.01,0.06999999999999999
CHINANET-SH-AP China Telecom Group,1,21,0.01,0.21
GSTN-AS Goods And Services Tax Network,1,1,0.01,0.01
INTEL-SC-AS,1,1,0.01,0.01
MEDIANOVA-CDN,1,1,0.01,0.01
ROSBUSINESSCONSULTING-AS,1,1,0.01,0.01
BAIDU Beijing Baidu Netcom Science and Technology Co.,1,6,0.01,0.06
HWCSNET Huawei Cloud Service data center,1,19,0.01,0.19
USDA-1,1,1,0.01,0.01
CLOUDRU-AS,1,5,0.01,0.05
SAMSUNGSDS-AS-KR SamsungSDS Inc.,1,7,0.01,0.06999999999999999
13445,1,1,0.01,0.01
DNIC-ASBLK-00721-00726,1,5,0.01,0.05
CDN77 _,1,4,0.01,0.04
USPS-001,1,1,0.01,0.01
NASK-COMMERCIAL,1,5,0.01,0.05
U-NEXT-AS-AP U-NEXT Co.,1,1,0.01,0.01
TPNET,1,3,0.01,0.03
CLDIN-NL Your.Online,1,4,0.01,0.04
CHINA169-BJ China Unicom Beijing Province Network,1,40,0.01,0.4
FPTONLINE-AS-VN FPT Online JSC,1,1,0.01,0.01
SCALAXY-AS,1,2,0.01,0.02
CRAIGS-NET-1,1,1,0.01,0.01
TDS-AS,1,2,0.01,0.02
DSANS,1,1,0.01,0.01
CHINA169-BACKBONE CHINA UNICOM China169 Backbone,1,67,0.01,0.67
ORANGE-BUSINESS-SERVICES-IPSN-ASN,1,3,0.01,0.03
Locaweb Servicos de Internet SA,1,1,0.01,0.01
FASTHOSTS-INTERNET Fasthosts Internet Ltd. Gloucester,1,10,0.01,0.1
CISCOSYSTEMS,1,1,0.01,0.01
OZON-AS,1,3,0.01,0.03
CPANEL-INC,1,1,0.01,0.01
UIOWA-AS,1,3,0.01,0.03
SOVAM-AS,1,6,0.01,0.06
INLEED,1,1,0.01,0.01
UCDAVIS-CORE,1,1,0.01,0.01
CEDEXIS,1,5,0.01,0.05
MCNET NTT SmartConnect Corporation,1,1,0.01,0.01
SPRINTLINK,1,3,0.01,0.03
MINZDRAV-RF-AS,1,1,0.01,0.01
DHLNET,1,1,0.01,0.01
ECI-AS,1,1,0.01,0.01
NOAA-NWAVE,1,1,0.01,0.01
SAKURA-B SAKURA Internet Inc.,1,15,0.01,0.15
BEE-AS Russia,1,2,0.01,0.02
CDC,1,1,0.01,0.01
ASN-SSA,1,1,0.01,0.01
WEBORAMA Weborama provides Internet Services,1,1,0.01,0.01
FINE Canon IT Solutions Inc.,1,1,0.01,0.01
MAFRA-CZ-AS,1,1,0.01,0.01
BANK_OF_RUSSIA CBRF Autonomous System,1,1,0.01,0.01
LAUSD-AS,1,1,0.01,0.01
VA-TMP-CORE,1,1,0.01,0.01
HINET Data Communication Business Group,1,6,0.01,0.06
PIRIX-INET-AS PIRIX,1,3,0.01,0.03
DNIC-ASBLK-00306-00371,1,2,0.01,0.02
KASPI-BANK-AS,1,1,0.01,0.01
INTERVIA NTT DATA CORPORATION,1,1,0.01,0.01
MTSNET Moscow,0,1,0.0,0.01
WEBSUPPORT-SRO-SK-AS,0,2,0.0,0.02
TIMEWEB-AS,0,4,0.0,0.04
ADFACT,0,1,0.0,0.01
BMW Bayerische Motoren Werke Aktiengesellschaft,0,2,0.0,0.02
DKM3-ARIN,0,1,0.0,0.01
CMNET-BEIJING-AP China Mobile Communicaitons Corporation,0,1,0.0,0.01
Universo Online S.A.,0,1,0.0,0.01
CITC-AS,0,1,0.0,0.01
CORNELL,0,1,0.0,0.01
LOOPIA3,0,2,0.0,0.02
DK-HOSTMASTER The .DK TLD Registry,0,1,0.0,0.01
CTELCO,0,1,0.0,0.01
UMAINE-SYS-AS,0,1,0.0,0.01
BRUNE1-ARIN,0,1,0.0,0.01
LLC3DATADC,0,1,0.0,0.01
TRABIA,0,1,0.0,0.01
MTSNET-URAL-AS,0,1,0.0,0.01
ASN-EQUINIX-AP Equinix Asia Pacific,0,1,0.0,0.01
EQUINIX,0,2,0.0,0.02
PLI-AS,0,1,0.0,0.01
KAKHAROV-AS,0,1,0.0,0.01
ADCDATACOM-AS-AP ADCDATA.COM,0,1,0.0,0.01
STARK-INDUSTRIES,0,2,0.0,0.02
RETNRU-AS,0,3,0.0,0.03
MUNINET-AS,0,1,0.0,0.01
SNIC,0,2,0.0,0.02
SERBIA-BROADBAND-AS Serbia BroadBand-Srpske Kablovske mreze d.o.o.,0,2,0.0,0.02
RACKFOREST-AS,0,4,0.0,0.04
NANO-AS,0,1,0.0,0.01
RWTH-AS,0,1,0.0,0.01
A1SI-AS A1 Slovenija,0,1,0.0,0.01
DENINET-HU-AS,0,3,0.0,0.03
SOURCEFIRE-LABS,0,1,0.0,0.01
RTVSLO-ASN,0,1,0.0,0.01
RUBY-AS,0,3,0.0,0.03
LIUNET,0,1,0.0,0.01
CHINATELECOM-CTCLOUD Cloud Computing Corporation,0,4,0.0,0.04
ETS,0,1,0.0,0.01
MANITU,0,1,0.0,0.01
VMI-AS,0,1,0.0,0.01
INVENTOS-AS,0,1,0.0,0.01
TCENTER-AS,0,1,0.0,0.01
FIU,0,1,0.0,0.01
DIGITURUNC,0,3,0.0,0.03
MAYO,0,1,0.0,0.01
RTBF,0,1,0.0,0.01
CMNET-ZHEJIANG-AP China Mobile communications corporation,0,2,0.0,0.02
CT-HANGZHOU-IDC No.288,0,2,0.0,0.02
SERVERGARDEN-AS Servergarden Kft.,0,2,0.0,0.02
CDEK-AS,0,1,0.0,0.01
DNA,0,1,0.0,0.01
CGI-FINLAND,0,1,0.0,0.01
NCA5 Kyoto University,0,1,0.0,0.01
SAKURA-C SAKURA Internet Inc.,0,14,0.0,0.13999999999999999
OKB-AS,0,1,0.0,0.01
DATAHOUSE-EKT Ekt branch,0,1,0.0,0.01
SAFEDATA Uplinks,0,1,0.0,0.01
ELAVON,0,1,0.0,0.01
ELAVON-FINANCIAL-SERVICES-DAC_AS based in the Republic Of Ireland,0,1,0.0,0.01
WISCNET1-AS,0,1,0.0,0.01
TGDD-AS-VN The gioi di dong jsc,0,2,0.0,0.02
VSHOSTING,0,1,0.0,0.01
VSHOSTING-CDN,0,1,0.0,0.01
NIC-FR-DNS-UNICAST-PARIS2 AFNIC Association Francaise pour le Nommage Internet en Cooperation,0,2,0.0,0.02
LFDJ-AS,0,1,0.0,0.01
IDSUNITELM,0,1,0.0,0.01
SPC,0,1,0.0,0.01
RLP-NET,0,1,0.0,0.01
NL-BIT BIT BV,0,1,0.0,0.01
HKTDCS-AS-AP PCCW Powerbase Data Center Services HK Limited,0,1,0.0,0.01
CHT-GLOBAL,0,1,0.0,0.01
RENTV-AS,0,1,0.0,0.01
IN2P3 IN2P3 Autonomous System,0,1,0.0,0.01
WINTEK-CORP,0,1,0.0,0.01
DIGITALSENSE-AS-AP Digital Sense Data Centre Hosting Brisbane,0,1,0.0,0.01
VOCUS-CLOUD-SERVICES-AS Vocus Cloud Services Australia,0,1,0.0,0.01
BLACKNIGHT-AS,0,2,0.0,0.02
AS-ANEXIA ANEXIA Internetdienstleistungs GmbH,0,1,0.0,0.01
INETWIRE-AS Wilhelm-Wagenfeld-Str. 16,0,1,0.0,0.01
RACKSPACE-LON,0,7,0.0,0.06999999999999999
RACKSPACE,0,10,0.0,0.1
CBSITE-CHI-WEB,0,1,0.0,0.01
CBSITE-ASH,0,1,0.0,0.01
DZINET-AS,0,1,0.0,0.01
VIDNOENET,0,1,0.0,0.01
Claro SA,0,2,0.0,0.02
TERRAHOST,0,1,0.0,0.01
JAGUAR-AS,0,3,0.0,0.03
SAFEBRANDS-AS,0,3,0.0,0.03
SANOMA-INDEP-MEDIA,0,1,0.0,0.01
GARS-AS Moscow,0,1,0.0,0.01
IVI-,0,1,0.0,0.01
DATAPRO-AS www.datapro.ru,0,2,0.0,0.02
ANX-CUSTOMER,0,2,0.0,0.02
UCB,0,1,0.0,0.01
NETDIREKT-AS,0,1,0.0,0.01
UCB-1,0,1,0.0,0.01
VILLE-DE-PARIS,0,1,0.0,0.01
LINE LINE Corporation,0,9,0.0,0.09
TFN-TW Taiwan Fixed Network,0,2,0.0,0.02
HKU-AS-HK The University of Hong Kong,0,1,0.0,0.01
UW-GR-AS,0,2,0.0,0.02
Claro NXT Telecomunicacoes Ltda,0,2,0.0,0.02
CMNET-HUNAN-AP China Mobile communications corporation,0,1,0.0,0.01
BUSINESS-WIRE-NY,0,1,0.0,0.01
SOLNET,0,1,0.0,0.01
BUSINESS-WIRE,0,1,0.0,0.01
CORESITE,0,1,0.0,0.01
WIRTUALNAPOLSKA GDANSK,0,8,0.0,0.08
TASK-AS Gdansk University of Technology,0,9,0.0,0.09
MTW-AS,0,1,0.0,0.01
USYD-AS-AP University of Sydney,0,1,0.0,0.01
COLUMBIA-GW,0,3,0.0,0.03
CVH-NETBLK-1,0,1,0.0,0.01
AETNA,0,1,0.0,0.01
TSF-IP-CORE Telia Finland Oyj,0,1,0.0,0.01
UNICOM-FUOSHAN-IDC China Unicom Guangdong IP network,0,1,0.0,0.01
Africa-on-Cloud-AS,0,2,0.0,0.02
CHINATELECOM-JIANGSU-NANJING-IDC Nanjing,0,4,0.0,0.04
XEROX-WV,0,1,0.0,0.01
UMICH-AS-5,0,2,0.0,0.02
EKSPRESS-DIGITAL,0,2,0.0,0.02
DELFI,0,1,0.0,0.01
LITNET,0,2,0.0,0.02
ZOHO-STREAMING-CONTENT-NETWORK,0,5,0.0,0.05
ROSPRINT-AS,0,2,0.0,0.02
IDNIC-EGOV-AS-ID Direktorat E-Goverment Kementerian KOMINFO,0,1,0.0,0.01
JARDIKNAS-AS-AP Pustekkom,0,1,0.0,0.01
TAOBAO Zhejiang Taobao Network Co.,0,1,0.0,0.01
SOGEI-ASN,0,1,0.0,0.01
CHINANET-SHANGHAI-MAN China Telecom Group,0,2,0.0,0.02
CNCGROUP-SH China Unicom Shanghai network,0,5,0.0,0.05
Gtd Internet S.A.,0,2,0.0,0.02
CTC Transmisiones Regionales S.A.,0,1,0.0,0.01
VIETNAMNET-AS-VN VietNamNet,0,1,0.0,0.01
YORKU-AS,0,1,0.0,0.01
LEASEWEB-USA-LAX,0,1,0.0,0.01
HUT8-EAST,0,1,0.0,0.01
INTERIA,0,2,0.0,0.02
CYFRONET-AS2 Metropolitan Area Network Autonomous System,0,2,0.0,0.02
EGIHOSTING,0,1,0.0,0.01
ONEFM,0,1,0.0,0.01
AS-SERVERCORE-,0,1,0.0,0.01
BOE-AS,0,1,0.0,0.01
WDR-AS,0,1,0.0,0.01
SELECTEL-NSK,0,1,0.0,0.01
MSK-IX_SERVICES,0,1,0.0,0.01
AM-EX,0,1,0.0,0.01
AFS-8,0,1,0.0,0.01
OPTILIAN-AS,0,1,0.0,0.01
RAND,0,1,0.0,0.01
DGIS,0,2,0.0,0.02
EFOLDER-NL,0,1,0.0,0.01
XEROX-WB,0,1,0.0,0.01
EFOLDER,0,1,0.0,0.01
EFATL,0,1,0.0,0.01
MELBICOM-EU-AS Melbikomas UAB,0,2,0.0,0.02
ARUBA-ASN,0,8,0.0,0.08
ATT-CERFNET-BLOCK,0,1,0.0,0.01
ASN-WINDTRE IUNET,0,2,0.0,0.02
ASN-QUADRANET-GLOBAL,0,3,0.0,0.03
TCMB,0,1,0.0,0.01
RFC2270-UUNET-CUSTOMER,0,3,0.0,0.03
FUNETAS,0,1,0.0,0.01
PT,0,1,0.0,0.01
KPN KPN National,0,1,0.0,0.01
UVIC-AS,0,1,0.0,0.01
BCNET-AS,0,1,0.0,0.01
QIHOO Beijing Qihu Technology Company Limited,0,5,0.0,0.05
FITC-AS,0,1,0.0,0.01
EVOCATIVE-GLOBAL,0,1,0.0,0.01
GREENCLOUD,0,1,0.0,0.01
ALLUPNET-AS,0,2,0.0,0.02
IDNIC-BCA-ID PT Bank Central Asia,0,1,0.0,0.01
ASN-CBN PT Cyberindo Aditama,0,1,0.0,0.01
BOURSORAMA-ASNUMBER France,0,1,0.0,0.01
HETZNER-CLOUD2-AS,0,4,0.0,0.04
MEGAGROUP-AS,0,1,0.0,0.01
INETHOSTING-AS-KR Inet Hosting,0,1,0.0,0.01
GLOBE-TELECOM-AS Globe Telecoms,0,1,0.0,0.01
APMI-AS-AP AyalaPort Makati,0,1,0.0,0.01
SK-TELEKOM Slovak Telekom T-Mobile CZ,0,3,0.0,0.03
UNIBET-AS,0,1,0.0,0.01
SITEHOST-AS-AP SiteHost New Zealand,0,1,0.0,0.01
MHSDC2011-AS 4th Floor New Administrative Building,0,1,0.0,0.01
CHINATELECOM-ZHEJIANG-JINHUA-IDC JINHUA,0,1,0.0,0.01
RPI-AS,0,1,0.0,0.01
DEPTELECOMNSO-AS,0,1,0.0,0.01
SIMPLYTRANSIT,0,1,0.0,0.01
TBSH,0,1,0.0,0.01
WNI-AS Weathernews,0,1,0.0,0.01
UNM-AS,0,1,0.0,0.01
NMT-AS,0,1,0.0,0.01
WASHINGTON-AS,0,3,0.0,0.03
SWEB-AS,0,2,0.0,0.02
GRANSY Gransy s.r.o. gransy.com,0,3,0.0,0.03
MEGA-LIMITED-AS Mega Limited,0,2,0.0,0.02
MEGA,0,2,0.0,0.02
INAP-LON Internap European Autonomous System,0,1,0.0,0.01
NETSKOPE,0,1,0.0,0.01
TELENOR-NEXTEL Telenor Norge AS,0,1,0.0,0.01
NZZ-AS Seehofstr. 16,0,1,0.0,0.01
ESRI,0,1,0.0,0.01
CHARLES-SCHWAB,0,2,0.0,0.02
WOW,0,1,0.0,0.01
DYNU,0,1,0.0,0.01
ZSTTKAS Novosibirsk,0,2,0.0,0.02
QXL-POLAND,0,4,0.0,0.04
TWO-DEGREES-AS-AP Two Degrees Networks Limited,0,1,0.0,0.01
LIVERTON1-AS-AP Liverton Security,0,1,0.0,0.01
LIVERTON1-AS-AP Liverton Security Limited,0,1,0.0,0.01
INFB-AS,0,3,0.0,0.03
CHALMERS,0,1,0.0,0.01
QXL-NET-POLAND-AS,0,4,0.0,0.04
SHELL-3918 Shell Information Technology International B.V.,0,1,0.0,0.01
SHELL,0,1,0.0,0.01
SHELL-3917 Shell Information Technology International B.V.,0,1,0.0,0.01
RMH-14,0,10,0.0,0.1
LAVOZ-AS,0,1,0.0,0.01
INFONLINE-AS,0,3,0.0,0.03
UVA-NL Universiteit van Amsterdam,0,1,0.0,0.01
HOL-GR Athens,0,1,0.0,0.01
DOLNET,0,1,0.0,0.01
MWN-AS,0,2,0.0,0.02
AS8659,0,4,0.0,0.04
RTB-HOUSE-ASH,0,1,0.0,0.01
RTB-HOUSE-AMS,0,1,0.0,0.01
ERX-CUHKNET The Chinese University of Hong Kong,0,2,0.0,0.02
ASN-POSTLTD,0,4,0.0,0.04
TRADERSOFT,0,1,0.0,0.01
VERIZON-DUAL-HOMED-CUSTOMERS,0,2,0.0,0.02
CSIRO Commonwealth Scientific and Industrial,0,1,0.0,0.01
BOUYGTEL-ISP,0,1,0.0,0.01
SSASN2,0,1,0.0,0.01
DATAWAGON,0,1,0.0,0.01
LVLT-3549,0,2,0.0,0.02
STRATO STRATO AG,0,1,0.0,0.01
Wirtschaftsuniversitaet Wien,0,1,0.0,0.01
AS6453,0,1,0.0,0.01
QTSC-AS-VN Quang Trung Software City Development Company,0,1,0.0,0.01
ULAKNET,0,1,0.0,0.01
OPERASOFTWARE,0,7,0.0,0.06999999999999999
DEDEMAN-AS AL TOLSTOI NR3,0,1,0.0,0.01
ASN-ORANGE-ROMANIA,0,1,0.0,0.01
UMTNET-ASN,0,1,0.0,0.01
RSNET2-AS RSNET2,0,1,0.0,0.01
LWLCOM,0,1,0.0,0.01
EVOLGOGRAD-AS,0,1,0.0,0.01
EC-AS,0,1,0.0,0.01
BT,0,1,0.0,0.01
YOUR-ORG-INC-NA,0,1,0.0,0.01
NIH-NET,0,2,0.0,0.02
NETCRAFT,0,1,0.0,0.01
LACAIXA-AS,0,1,0.0,0.01
OPERA-AS-AP Opera Software Technology Beijing Co.,0,7,0.0,0.06999999999999999
TTSSB-MY TM TECHNOLOGY SERVICES SDN. BHD.,0,1,0.0,0.01
NO-OPERA,0,7,0.0,0.06999999999999999
CDNETWORKS,0,2,0.0,0.02
CDNVIDEO-AS,0,2,0.0,0.02
CMNET-GUANGDONG-AP China Mobile communications corporation,0,10,0.0,0.1
YONHAPNEWS-AS-KR Yonhap News Agency,0,1,0.0,0.01
UNICOM-SHENZHEN-IDC China Unicom Guangdong IP network,0,2,0.0,0.02
COMVIVE-AS Seville - Spain,0,1,0.0,0.01
NTT-LTD-2914,0,1,0.0,0.01
AS-WAVE-1,0,1,0.0,0.01
UDELNET,0,3,0.0,0.03
CL-1379-14537,0,2,0.0,0.02
DC MATRIX INTERNET SA,0,1,0.0,0.01
MEGOGO-AS,0,1,0.0,0.01
VASKIANI-AS,0,1,0.0,0.01
COLT Technology Services Group,0,1,0.0,0.01
ASN-KODAK,0,1,0.0,0.01
SINGNET SingNet,0,1,0.0,0.01
TWELVE99 Arelion,0,2,0.0,0.02
CHINA-ABITCOOL AbitcoolChina Inc.,0,1,0.0,0.01
LIGHTEDGE-AS-02,0,1,0.0,0.01
GABIA-AS-KR GABIA Inc.,0,1,0.0,0.01
LEASEWEB-NL-AMS-01 Netherlands,0,15,0.0,0.15
HP-BCRS-ALPHARETTA-GA,0,2,0.0,0.02
HP-INC-REGIONAL,0,2,0.0,0.02
COGENT-174,0,13,0.0,0.13
Instituto de Informatica,0,1,0.0,0.01
UTWENTE-AS University Twente,0,2,0.0,0.02
AS-TUE Technische Universiteit Eindhoven TUe,0,2,0.0,0.02
CENTRIN-AS-AP PT Centrin Utama,0,1,0.0,0.01
LINKNET-ID-AP Linknet ASN,0,1,0.0,0.01
CWRU-AS-1,0,1,0.0,0.01
HOSTIRAN-NETWORK,0,1,0.0,0.01
CHINATELECOM-TIANJIN Tianjij,0,1,0.0,0.01
BTN-ASN,0,1,0.0,0.01
DHOSTING-NET,0,1,0.0,0.01
T1CLOUD-AS,0,2,0.0,0.02
Under Servicos de Internet Ltda,0,1,0.0,0.01
SELECTEL-MSK,0,18,0.0,0.18
CDNNOW-AS,0,1,0.0,0.01
BSH-AS,0,1,0.0,0.01
MASTERTEL-AS Moscow,0,3,0.0,0.03
BANGMODENTERPRISE-TH Bangmod Enterprise Co.,0,1,0.0,0.01
POPNIXCO-AS-AP POP NIX COMPANY LIMITED,0,1,0.0,0.01
CNIX-AP China Networks Inter-Exchange,0,6,0.0,0.06
ASN-METANET Routingpeering issues: noc@metanet.ch,0,1,0.0,0.01
SWISS-AS,0,1,0.0,0.01
NS-GLOBAL,0,1,0.0,0.01
NIH-NET-NCCS,0,3,0.0,0.03
TIKTOK-AS-AP TIKTOK PTE. LTD.,0,2,0.0,0.02
TAZ-AS taz die tageszeitung autonomous system,0,1,0.0,0.01
CMNET-JIANGSU-AP China Mobile communications corporation,0,14,0.0,0.13999999999999999
NARC-EROOT,0,1,0.0,0.01
VERISIGN-AS,0,4,0.0,0.04
ITSOFT-AS,0,1,0.0,0.01
GODADDY-SXB,0,1,0.0,0.01
GENESYS-AS,0,1,0.0,0.01
CLT-NIC,0,4,0.0,0.04
CETI-AS CETI ISP,0,1,0.0,0.01
GITN-PCN-AS-AP GITN M Sdn. Bhd.,0,1,0.0,0.01
IPB IPB Internet Provider in Berlin GmbH,0,1,0.0,0.01
GITN-NETWORK GITN-NETWORK,0,1,0.0,0.01
MAX-GIGAPOP,0,1,0.0,0.01
VNPT-AS-VN VIETNAM POSTS AND TELECOMMUNICATIONS GROUP,0,1,0.0,0.01
IMRS,0,1,0.0,0.01
I-ROOT DNS root name server i.root-servers.net.,0,1,0.0,0.01
BROOT-AS,0,1,0.0,0.01
NIC-FR-SITES-SQY-TH3 AFNIC Association Francaise pour le Nommage Internet en Cooperation,0,1,0.0,0.01
VRSN-AC50-340,0,5,0.0,0.05
IAM-AS,0,1,0.0,0.01
MAROCCONNECT,0,1,0.0,0.01
VGRS-AC26,0,4,0.0,0.04
ITPARK_DC,0,1,0.0,0.01
CIRT-AS,0,1,0.0,0.01
GMOOSK-NET GMO Internet,0,1,0.0,0.01
INTERQ GMO Internet,0,1,0.0,0.01
LVIV-AS,0,1,0.0,0.01
NETWORK-LVIV-AS,0,1,0.0,0.01
AKAMAI-ASN1,0,382,0.0,3.82
CORPORACION NACIONAL DE TELECOMUNICACIONES - CNT EP,0,1,0.0,0.01
Otecel S.A.,0,1,0.0,0.01
WOODYNET-1,0,38,0.0,0.38
APPLE-ENGINEERING,0,17,0.0,0.16999999999999998
MAX-IT-AS Munich,0,1,0.0,0.01
DNIC-ASBLK-05800-06055,0,4,0.0,0.04
SBY-EPROC-AS-ID Bagian Administrasi Pembangunan Pemerintah Kota Surabaya,0,1,0.0,0.01
SURABAYA-AS-ID Pemerintah Kota Surabaya,0,1,0.0,0.01
YAHOO-NE1,0,17,0.0,0.16999999999999998
RENDSZERNET-AS,0,1,0.0,0.01
XANDMAIL-ASN,0,1,0.0,0.01
ARUBACLOUDLTD-ASN,0,1,0.0,0.01
INWX,0,2,0.0,0.02
YAHOO-AN2,0,17,0.0,0.16999999999999998
SWISSSIGN,0,1,0.0,0.01
MOVIEMENT,0,1,0.0,0.01
NS3-ASN,0,1,0.0,0.01
CASCADE-INET-01,0,1,0.0,0.01
BRENNANIT-AS9738-AP Brennan IT,0,1,0.0,0.01
PROCOLIX,0,1,0.0,0.01
DATALOGISTICS,0,1,0.0,0.01
DOMREG-UNI-AS,0,1,0.0,0.01
GMOCL GMO GlobalSign Holdings K.K.,0,1,0.0,0.01
THE-1984-AS,0,1,0.0,0.01
ERX-RADNET1-AS PT Rahajasa Media Internet,0,1,0.0,0.01
SZRT-HU-ASN,0,1,0.0,0.01
MAGWIEN,0,1,0.0,0.01
YAHOO-1,0,7,0.0,0.06999999999999999
YAHOO-FC,0,18,0.0,0.18
SPEEDBONE-AS,0,1,0.0,0.01
YAHOO-INY INY Edge site,0,17,0.0,0.16999999999999998
AS-26496-GO-DADDY-COM-LLC,0,49,0.0,0.49
M-ROOT-DNS WIDE Project,0,1,0.0,0.01
COGENT-2149,0,1,0.0,0.01
K-ROOT-SERVER Reseaux IP Europeens Network Coordination Centre RIPE NCC,0,1,0.0,0.01
BSNL-NIB National Internet Backbone,0,1,0.0,0.01
PEL-AS-IN Pioneer Elabs Ltd.,0,1,0.0,0.01
ISC-AS,0,1,0.0,0.01
DNIC-AS-01508,0,1,0.0,0.01
LFL-9,0,1,0.0,0.01
NDC-CLOUD,0,1,0.0,0.01
FILOO-ASN Rhedaer Stra?e 25,0,1,0.0,0.01
STATEHAWAII,0,1,0.0,0.01
STATE-OF-IDAHO-SECONDARY-ASN,0,1,0.0,0.01
IDAHO-DEPARTMENT-OF-HEALTHAND-WELFARE,0,1,0.0,0.01
RMF-KRAKOW-,0,1,0.0,0.01
CHINATELECOM-HUBEI-IDC CHINANET Hubei province network,0,1,0.0,0.01
EURONET,0,1,0.0,0.01
DETSKYMIR-AS,0,1,0.0,0.01
BANCO BRADESCO SA,0,1,0.0,0.01
USU-EDU,0,1,0.0,0.01
INTL Internation Department,0,1,0.0,0.01
SOCIETE-GENERALE,0,1,0.0,0.01
DENIC-ANYCAST-AS DNS anycast AS object for .DE DNS service,0,2,0.0,0.02
KSYUNGLOBAL-AS-AP Kingsoft cloud corporation limited,0,2,0.0,0.02
NEMTCOV,0,1,0.0,0.01
SUPERMEDIA-AS,0,1,0.0,0.01
YAHOO Yahoo Japan Corporation,0,4,0.0,0.04
VDSINA-AS,0,1,0.0,0.01
VDSINA,0,1,0.0,0.01
MIROHOST,0,2,0.0,0.02
MIROHOST Web hosting,0,2,0.0,0.02
YAHOO-JP-AS-AP Yahoo Japan,0,4,0.0,0.04
ESERVER,0,1,0.0,0.01
ESERVER-SK-AS,0,1,0.0,0.01
TAXTELECOM,0,2,0.0,0.02
JUMP,0,1,0.0,0.01
KIHNETWORK,0,1,0.0,0.01
UN-UNLB,0,1,0.0,0.01
CTCX Chubu Telecommunications Company,0,1,0.0,0.01
HNB Hitachi Systems,0,1,0.0,0.01
MITENE mitene internet co.,0,1,0.0,0.01
NV-ASN CELLCOM ltd.,0,1,0.0,0.01
SITA,0,2,0.0,0.02
STANFORD,0,2,0.0,0.02
VIKINGS,0,2,0.0,0.02
UUU-TELECOM-AS,0,1,0.0,0.01
REDIRIS RedIRIS Autonomous System,0,2,0.0,0.02
CDM,0,1,0.0,0.01
PREMIERDC-VERI-MERKEZI-ANONIM-SIRKETI PREMIERDC - SH,0,1,0.0,0.01
DEAC-AS,0,1,0.0,0.01
TET_,0,1,0.0,0.01
TTSL-MEISISP Tata Teleservices ISP AS,0,1,0.0,0.01
NETONERUS,0,1,0.0,0.01
NETNOD-NDS $Id: aut-num_AS56908,0,11,0.0,0.11
HEANET,0,1,0.0,0.01
UNIVERSITY-COLLEGE-DUBLIN,0,1,0.0,0.01
KL-EXT,0,1,0.0,0.01
UPS,0,1,0.0,0.01
SEDO-AS,0,1,0.0,0.01
CYFRONET-AS Metropolitan Area Network Autonomous System,0,1,0.0,0.01
UW-AS,0,1,0.0,0.01
CRONON-BERLIN-AS,0,1,0.0,0.01
HSBC-UK,0,1,0.0,0.01
HOSTIGGER,0,1,0.0,0.01
NETEASE-NETWORK NetEase Building No.16 Ke Yun Road,0,8,0.0,0.08
OIS-AS,0,1,0.0,0.01
VIRTUAALINFRA-AS,0,1,0.0,0.01
RU1C-AS,0,1,0.0,0.01
RECONN,0,1,0.0,0.01
TELENOR_DANMARK_AS,0,1,0.0,0.01
RU-CENTER-AS,0,32,0.0,0.32
USNH,0,1,0.0,0.01
KSC,0,1,0.0,0.01
PSC,0,1,0.0,0.01
TEMPLE,0,1,0.0,0.01
ANYCAST-AS,0,30,0.0,0.3
KIT Karlsruhe Institute of Technology,0,1,0.0,0.01
CRIS-ND-21-IN Centre For Railway Information Systems,0,1,0.0,0.01
HZD-AS Mainzer Str. 29,0,1,0.0,0.01
ITCC-CLOUD,0,1,0.0,0.01
NETACTUATE,0,1,0.0,0.01
CERN,0,2,0.0,0.02
WPRONET-WHO-AS-PH World Health Organization,0,1,0.0,0.01
STACKPATH,0,11,0.0,0.11
BUNNYCDN,0,10,0.0,0.1
NIC-SDAIA,0,1,0.0,0.01
NIC-SDAIA-DEEM,0,1,0.0,0.01
OPTIMUS-AS,0,1,0.0,0.01
CIRA-CLOUD1,0,23,0.0,0.22999999999999998
AZMA-AS,0,1,0.0,0.01
TEBYAN,0,1,0.0,0.01
IWEB-AS,0,1,0.0,0.01
NODE4-AS,0,1,0.0,0.01
SVERIGES-RADIO Sveriges Radio AB,0,1,0.0,0.01
T-MOBILE-AS21928,0,1,0.0,0.01
XMISSION,0,1,0.0,0.01
ISOMEDIA-1,0,1,0.0,0.01
RED-ES-AS,0,1,0.0,0.01
SOCIEDAD-ESTATAL-DE-LOTERIAS,0,1,0.0,0.01
UNI2-AS,0,1,0.0,0.01
NCIC-TW New Century InfoComm Tech Co.,0,1,0.0,0.01
TTNET-MY TIME dotCom Berhad No. 14,0,2,0.0,0.02
VELIANET-AS velia.net Internetdienste GmbH,0,3,0.0,0.03
DAOU-AS-KR DAOU TECHNOLOGY,0,1,0.0,0.01
NITRONET,0,1,0.0,0.01
WHO-AS,0,1,0.0,0.01
M5HOSTING,0,1,0.0,0.01
CDSI,0,1,0.0,0.01
OCTANIO-1,0,1,0.0,0.01
FINECO Finecobank S.p.A. Milano - Italy,0,1,0.0,0.01
AMX Argentina S.A.,0,1,0.0,0.01
Almacenes Paris Comercial S.A,0,1,0.0,0.01
GONET-ASN-1,0,1,0.0,0.01
ZAYO-6461,0,3,0.0,0.03
DNSIMPLE,0,21,0.0,0.21
ODISO-AS,0,1,0.0,0.01
IT-NRW,0,1,0.0,0.01
GLOBAL-VILLAGE Mehrumer Str. 16,0,1,0.0,0.01
CIRA-CLOUD2,0,20,0.0,0.2
BANCO DEL ESTADO DE CHILE,0,1,0.0,0.01
VTC-AS-VN VTC-,0,1,0.0,0.01
CTSI SOX,0,1,0.0,0.01
COMTRADE-AS,0,1,0.0,0.01
ACE-AS-AP ACE,0,2,0.0,0.02
ELISA-AS Helsinki,0,1,0.0,0.01
EDNS,0,19,0.0,0.19
CEDIA,0,1,0.0,0.01
NEKONET YAMATO SYSTEM DEVELOPMENT CO.,0,1,0.0,0.01
ADRIVER,0,1,0.0,0.01
LODMAN-AS Metropolitan Area Network LODMAN,0,1,0.0,0.01
HOSTERION,0,1,0.0,0.01
ASN-AVANTEL-MSK Located in Moscow,0,1,0.0,0.01
ELTEL-AS,0,1,0.0,0.01
CESCA-AC,0,1,0.0,0.01
JCU-AS-AP James Cook University,0,1,0.0,0.01
BYTEDANCE,0,1,0.0,0.01
US-NATIONAL-INSTITUTE-OF-STANDARDS-AND-TECHNOLOGY,0,2,0.0,0.02
EVRAZHOLDING,0,1,0.0,0.01
EASTMETALSAG-AS,0,1,0.0,0.01
WILDBERRIES-AS,0,3,0.0,0.03
NATIONAL-LIBRARY-AU National Library of Australia,0,1,0.0,0.01
FIORD-AS IP-transit operator in Europe,0,1,0.0,0.01
HONDA-NET HONDA MOTOR Co.,0,1,0.0,0.01
DINET-AS,0,4,0.0,0.04
EMUNET,0,1,0.0,0.01
DATAK **********Rightel Communication Service Company PJS**********,0,1,0.0,0.01
INTERIAPL-AS2,0,2,0.0,0.02
CHINATELECOM-ZHEJIANG-WENZHOU-IDC WENZHOU,0,1,0.0,0.01
YURTEH-AS,0,2,0.0,0.02
BAXET-GROUP,0,1,0.0,0.01
NOWCOM-AS-KR AfreecaTV Co.,0,1,0.0,0.01
SKB-AS SK Broadband Co Ltd,0,3,0.0,0.03
U-CHICAGO-AS,0,1,0.0,0.01
DB-APAC-RHO-AS Deutsche Bank APAC RHO in Singapore Internet AS,0,1,0.0,0.01
Deutsche Bank Internet Operations,0,1,0.0,0.01
WZ-US-40824,0,9,0.0,0.09
ASBAXET,0,1,0.0,0.01
UNWIRED,0,1,0.0,0.01
CONOVA-AS ASN conova communications GmbH,0,1,0.0,0.01
PACKET,0,7,0.0,0.06999999999999999
WORLDSTREAM,0,1,0.0,0.01
NAUKANET-AS BACKBONE AS of Nauka-Svyaz,0,2,0.0,0.02
PHRG,0,1,0.0,0.01
SBERBANK,0,2,0.0,0.02
TUFTS-UNIVERSITY,0,1,0.0,0.01
SWA-MKT-INET-2,0,1,0.0,0.01
INTERNAP-BLOCK-4,0,3,0.0,0.03
LACNIC - Latin American and Caribbean IP address,0,1,0.0,0.01
UCSD,0,1,0.0,0.01
GEORGIA-TECH,0,1,0.0,0.01
PEACHNET-AS3479,0,3,0.0,0.03
INTERNETX-AS,0,3,0.0,0.03
REDHAT-3,0,2,0.0,0.02
MF-MGSM-AS,0,1,0.0,0.01
SONICDUO-AS,0,1,0.0,0.01
CMU-ROUTER,0,1,0.0,0.01
A2B,0,1,0.0,0.01
CHTI-IP-AP Taiwan Internet Gateway,0,1,0.0,0.01
Banco Santander Brasil S.A.,0,1,0.0,0.01
SWISSGOV,0,1,0.0,0.01
FAA-MMAC,0,1,0.0,0.01
REDHAT-HOSTED,0,3,0.0,0.03
CASABLANCA-AS Internet & Collocation Provider,0,2,0.0,0.02
MCCLATCHY-CORP,0,3,0.0,0.03
CHINATELECOM-SHANDONG-JINAN-IDC Jinan,0,2,0.0,0.02
FD-298-8796,0,1,0.0,0.01
OBJX,0,1,0.0,0.01
SHARKTECH,0,1,0.0,0.01
PLUSLINE,0,2,0.0,0.02
NETDE net.de AG,0,1,0.0,0.01
INDIANA-AS,0,2,0.0,0.02
FINAMTECH-TP-AS,0,1,0.0,0.01
GEMIUS-NETWORK,0,1,0.0,0.01
FINAMTECH-INF1,0,1,0.0,0.01
FINAMTECH-TT2,0,1,0.0,0.01
FINAMTECH-AS,0,1,0.0,0.01
DAIMLER-AS ITTTN Global Network,0,2,0.0,0.02
MERCEDES-BENZ-AS-AP Mercedes-Benz Singapore Pte. Ltd.,0,2,0.0,0.02
AS32611,0,2,0.0,0.02
UNIVIE University of Vienna,0,1,0.0,0.01
AS_AT_TLD_SERVICES Vienna University,0,2,0.0,0.02
DENIC-AS Theodor-Stern-Kai 1,0,3,0.0,0.03
ACONET_SERVICES ACOnet Services @ Vienna Internet eXchange,0,2,0.0,0.02
CENSUSBUREAU,0,1,0.0,0.01
AFRINIC-ANYCAST,0,2,0.0,0.02
ARIN-PFS-ANYCAST,0,2,0.0,0.02
RIPE-NCC-AUTHDNS-AS Reseaux IP Europeens Network Coordination Centre RIPE NCC,0,3,0.0,0.03
AFRINIC-ZA-JNB-AS,0,1,0.0,0.01
APNIC-ANYCAST APNIC ANYCAST ASN,0,3,0.0,0.03
PANASONIC,0,1,0.0,0.01
VA-TECH-AS,0,1,0.0,0.01
PROOFPOINT-ASN-US-WEST,0,3,0.0,0.03
PROOFPOINT-ASN-US-EAST,0,3,0.0,0.03
ITAR-TASS-AS,0,1,0.0,0.01
MONASHUNI-AU-AS-AP Monash University,0,1,0.0,0.01
HVC-AS,0,3,0.0,0.03
FAA,0,1,0.0,0.01
PROTON,0,1,0.0,0.01
NTS,0,2,0.0,0.02
SYNTERRA-AS,0,1,0.0,0.01
LINK-OREGON,0,2,0.0,0.02
ORST-AS,0,1,0.0,0.01
VRT-AS,0,1,0.0,0.01
ISIONUK Namesco Limited,0,5,0.0,0.05
AS-1337,0,1,0.0,0.01
GARANTSERVICE,0,1,0.0,0.01
MATRIX-AS,0,2,0.0,0.02
MCGILL-AS,0,1,0.0,0.01
EUROHOSTER,0,2,0.0,0.02
UMASSNET-AS1968,0,1,0.0,0.01
FIVE-COLLEGES-AS,0,1,0.0,0.01
UTNET The University of Tokyo,0,1,0.0,0.01
SINET-AS Research Organization of Information and Systems,0,3,0.0,0.03
ITL-BG,0,2,0.0,0.02
MERIT-AS-14,0,2,0.0,0.02
RINGIERSK-AS,0,2,0.0,0.02
SYNERGYWHOLESALE-AP SYNERGY WHOLESALE PTY LTD,0,2,0.0,0.02
EXP-EC2000,0,1,0.0,0.01
EXPERIAN-AS,0,1,0.0,0.01
E-STYLEISP-AS,0,1,0.0,0.01
VANDERBILT,0,1,0.0,0.01
USF,0,1,0.0,0.01
SCN-NET SHONAN CABLE NETWORK,0,1,0.0,0.01
LUMEN-LEGACY-L3-CUSTOMER-SHARED-USE,0,3,0.0,0.03
M-VIDEO-AS,0,1,0.0,0.01
FSU-AS,0,1,0.0,0.01
LBL,0,2,0.0,0.02
VINAGAME-AS-VN VNG Corporation,0,4,0.0,0.04
SPRINTHOST,0,1,0.0,0.01
AFCONC-BLOCK1-AS,0,1,0.0,0.01
UGA-ASN,0,1,0.0,0.01
CCTLD-IT Via Moruzzi,0,1,0.0,0.01
NAMEX-IXP-SERVICES Rome Internet eXchange point,0,1,0.0,0.01
ASN-HOLYSEE Holy See Secretariat of State Department of Telecommunications,0,1,0.0,0.01
DNS,0,1,0.0,0.01
COF-EQX-SEA-PP,0,2,0.0,0.02
GAZPROMBANK,0,1,0.0,0.01
COF-EQX-CHI-PP,0,2,0.0,0.02
PII,0,1,0.0,0.01
WASK WROCMAN-EDU educational part of WASK network,0,1,0.0,0.01
ICM-PUB public network services,0,1,0.0,0.01
COF-EQX-ASH-PP,0,2,0.0,0.02
VTB-BANK-AS,0,1,0.0,0.01
HUTCHISON-AS-AP HGC Global Communications Limited,0,2,0.0,0.02
EUROBYTE,0,1,0.0,0.01
PSKZ-AST,0,2,0.0,0.02
UTEXAS,0,1,0.0,0.01
MOHE-AS,0,1,0.0,0.01
CLDIN-MCI,0,1,0.0,0.01
MOESA Saudi Arabia,0,1,0.0,0.01
TATTELECOM-AS,0,2,0.0,0.02
ASN-IINET iiNet Limited,0,1,0.0,0.01
SHAW,0,3,0.0,0.03
SERVERNORTH,0,1,0.0,0.01
CHINA169-GZ China Unicom IP network China169 Guangdong province,0,5,0.0,0.05
CHINATELECOM-SHANDONG-QINGDAO-IDC Qingdao,0,1,0.0,0.01
INTERNET-CZ Ktis 2,0,6,0.0,0.06
NOMINETANYCAST,0,1,0.0,0.01
UNSW-AS-AP University of New South Wales,0,1,0.0,0.01
CENTRALNIC-ANYCAST-H,0,6,0.0,0.06
CENTRALNIC-ANYCAST-G,0,6,0.0,0.06
ATWORKS A.T.WORKS,0,2,0.0,0.02
MMD-AS Kauppakatu 3 A 4,0,2,0.0,0.02
AKBARS,0,1,0.0,0.01
TOL-AS,0,1,0.0,0.01
NESSUS,0,1,0.0,0.01
CREW-AS Hamburg,0,1,0.0,0.01
CHAOS-AS,0,1,0.0,0.01
TAMU,0,1,0.0,0.01
AS-INTERMEDIA,0,3,0.0,0.03
TENSORCOMP-AS,0,2,0.0,0.02
ESUNHK-AS-AP ESUN TECHNOLOGY INTERNATIONAL CO.,0,1,0.0,0.01
CHINATELECOM-JIANGSU-NANTONG-MAN CHINATELECOM JIANGSU province NANTONG MAN network,0,1,0.0,0.01
FORD-MOTOR-CO-SG-AP Ford Motor Company,0,1,0.0,0.01
TAMUS-NET,0,1,0.0,0.01
QATAR-FOUNDATION,0,1,0.0,0.01
TIS-DIALOG-AS,0,1,0.0,0.01
CACHENETWORKS,0,1,0.0,0.01
FORD-AS,0,1,0.0,0.01
GDSNET GDS CHANGAN SERVICES Ltd.,0,1,0.0,0.01
SINA 15F,0,1,0.0,0.01
ESNET-AS,0,3,0.0,0.03
TENABLE-NETWORK-SECURITY-INC,0,2,0.0,0.02
AS-INTERMEDIA2,0,3,0.0,0.03
NWU-AS,0,3,0.0,0.03
HomeFind24,0,2,0.0,0.02
INOX-TH Innovative Extremist Co.,0,1,0.0,0.01
POP-IDC-TH POPIDC powered by CSLoxinfo,0,1,0.0,0.01
FORDSRL-AS,0,1,0.0,0.01
USC-AS,0,1,0.0,0.01
PROTEK-AS,0,1,0.0,0.01
MASTER-7-AS,0,1,0.0,0.01
MIMECAST-,0,2,0.0,0.02
NAVISITE-EAST-2,0,2,0.0,0.02
MIMECAST-UK,0,2,0.0,0.02
ZDNS Internet Domain Name System Beijing Engineering Resrarch Center Ltd.,0,6,0.0,0.06
CHINANET-IDC-GD China Telecom Group,0,1,0.0,0.01
BSI-AS,0,1,0.0,0.01
DATABANK-ZCOLO,0,1,0.0,0.01
INTERNETO-VIZIJA,0,1,0.0,0.01
PWC-AS,0,1,0.0,0.01
UTORONTO-AS,0,1,0.0,0.01
UBC,0,1,0.0,0.01
DNIC-ASBLK-27032-27159,0,1,0.0,0.01
UNIV-ARIZ,0,1,0.0,0.01
NCREN,0,1,0.0,0.01
OPUS1,0,1,0.0,0.01
CNCGROUP-SZ China Unicom Shenzen network,0,2,0.0,0.02
EY-AS-DSFW,0,1,0.0,0.01
EY-AS,0,1,0.0,0.01
GFIS-GMBH,0,1,0.0,0.01
GFIS,0,1,0.0,0.01
EY-AS-SG,0,1,0.0,0.01
MITRE-AS-1,0,1,0.0,0.01
MITRE-AS-5,0,1,0.0,0.01
UMDNET,0,2,0.0,0.02
UMS2-ASN,0,1,0.0,0.01
METAPEER-INC,0,2,0.0,0.02
DNIC-ASBLK-05120-05376,0,2,0.0,0.02
HPINC,0,1,0.0,0.01
CHINANET-HUBEI-JIANGXIA-IDC Hubei Jiangxia IDC,0,1,0.0,0.01
NLM-GW,0,1,0.0,0.01
ASN-GIGENET,0,5,0.0,0.05
ACCENTURE,0,2,0.0,0.02
KNIPP-AMS-AS,0,4,0.0,0.04
SAP_AC,0,3,0.0,0.03
SAP_DC_WDF networkmail abuse to abuse@sap.com,0,3,0.0,0.03
SAP-DC-NS,0,3,0.0,0.03
SAP_DC_SIN SAP ASIA PTE LTD,0,3,0.0,0.03
CENTURYLINK-LEGACY-LVLT-203,0,1,0.0,0.01
PURDUE,0,3,0.0,0.03
RICE-AS,0,2,0.0,0.02
HEWLETT-PACKARD-ENTERPRISE-APJ HPE APJ,0,1,0.0,0.01
HEWLETT-PACKARD-ENTERPRISE-MAIDSTONE HPE Maidstone,0,1,0.0,0.01
INFB2-AS,0,5,0.0,0.05
INFB-AS9115,0,2,0.0,0.02
WANADOOPORTAILS-AS Wanadoo PortailsDirection technique,0,1,0.0,0.01
VERKLIGENDATA,0,2,0.0,0.02
ENTERGY-SERVICES-LLC,0,1,0.0,0.01
CHINANET-SCIDC-AS-AP CHINANET SiChuan Telecom Internet Data Center,0,2,0.0,0.02
ISC-F-AS,0,1,0.0,0.01
BROWN,0,2,0.0,0.02
UCSB-NET-AS,0,3,0.0,0.03
HOSTER-KRG Hoster.KZ - Karaganda,0,1,0.0,0.01
HOSTER-AST Hoster.KZ - Astana,0,1,0.0,0.01
JAYNET Sentia Danmark AS,0,1,0.0,0.01
HOSTER-ALM Hoster.KZ - Almaty,0,3,0.0,0.03
BOREUS,0,1,0.0,0.01
TRI-AS DigitalOne AG,0,4,0.0,0.04
CIREX,0,3,0.0,0.03
COUNCIL-OF-EUROPE-AS COUNCIL OF EUROPE,0,1,0.0,0.01
RUSSIA_TODAY,0,2,0.0,0.02
CITY-UNIVERSITY-OF-NEW-YORK,0,1,0.0,0.01
SBB-CFF-FFS Telecom SBB,0,1,0.0,0.01
LEASEWEB-DE-FRA-10,0,3,0.0,0.03
TWG-NET-AS,0,2,0.0,0.02
TWG-DEMO-AS,0,2,0.0,0.02
WUSTL-ASN,0,1,0.0,0.01
AS40676,0,4,0.0,0.04
IS-AS-1,0,1,0.0,0.01
VELOXSERV,0,1,0.0,0.01
NCSU,0,1,0.0,0.01
ATLANTA-AS-1,0,1,0.0,0.01
SUPERDATA-AS-VN SUPERDATA-,0,4,0.0,0.04
SSC-299-25689,0,1,0.0,0.01
GOENET,0,1,0.0,0.01
ESNET-WEST,0,1,0.0,0.01
CDAGOVN,0,1,0.0,0.01
FTBGPDM,0,1,0.0,0.01
CITYTELECOM-AS Filanco LTD,0,1,0.0,0.01
HOSTING-MSK,0,1,0.0,0.01
AFILIAS-SECONDARY-DNS,0,2,0.0,0.02
IDNIC-PANDI-AS-ID Pengelola Nama Domain Internet Indonesia,0,1,0.0,0.01
ACNBB,0,1,0.0,0.01
STEADFAST,0,2,0.0,0.02
FOURD-AS,0,1,0.0,0.01
HONORABLE CAMARA DE DIPUTADOS DE LA NACION,0,1,0.0,0.01
JPMORGAN-AS7743,0,4,0.0,0.04
NEXUSGUARD-AS-AP NEXUSGUARD LIMITED,0,3,0.0,0.03
STARHUB-INTERNET StarHub Ltd,0,1,0.0,0.01
DOVAL MANUEL ANGEL INETGAMING,0,1,0.0,0.01
RELIABLESITE,0,4,0.0,0.04
PROLOCATION Prolocation,0,2,0.0,0.02
VIRGINIA-AS,0,1,0.0,0.01
OKBPROGRESS Moscow,0,1,0.0,0.01
NING,0,1,0.0,0.01
NIKKEI Nikkei Inc.,0,1,0.0,0.01
PEOPLENET People.Cn CO.,0,2,0.0,0.02
AUDA-AU-AS .au Domain Administration,0,1,0.0,0.01
UIUC,0,3,0.0,0.03
BOSTONU-AS,0,1,0.0,0.01
HEADHUNTER-AS,0,1,0.0,0.01
FORTINET,0,3,0.0,0.03
FORTINET-53928,0,3,0.0,0.03
CHINANET-IDC-SN China Telecom Group,0,2,0.0,0.02
NJEDGE-NET,0,1,0.0,0.01
OARNET-AS,0,3,0.0,0.03
OSUNET-AS,0,2,0.0,0.02
NYU-DOMAIN,0,1,0.0,0.01
IQWEB,0,4,0.0,0.04
INMOTION,0,2,0.0,0.02
NERDCNET,0,2,0.0,0.02
VIKINGHOST,0,2,0.0,0.02
NETUSE,0,2,0.0,0.02
BIT-ISLE Equinix Japan Enterprise K.K.,0,4,0.0,0.04
IPFIB-AS,0,2,0.0,0.02
QUINTEX,0,1,0.0,0.01
KNIPP-AS Knipp Medien und Kommunikation GmbH,0,1,0.0,0.01
CAFEBAZAAR,0,5,0.0,0.05
SDV-AS SdV Plurimedia,0,1,0.0,0.01
AS17378,0,3,0.0,0.03
TELEHOUSE-AS,0,1,0.0,0.01
SUNET SUNET Swedish University Network,0,5,0.0,0.05
ASKALUGAASTRAL,0,1,0.0,0.01
NET-STATE-OHIO,0,1,0.0,0.01
PETERSTAR-AS Saint-Petersburg,0,1,0.0,0.01
BANKSPB,0,1,0.0,0.01
AGAH,0,5,0.0,0.05
RALOGIC-AS,0,1,0.0,0.01
UMN-SYSTEM,0,1,0.0,0.01
RIPN-,0,6,0.0,0.06
OOOVPS-AS,0,6,0.0,0.06
CT-HUNAN-CHANGSHA-IDC No.293,0,2,0.0,0.02
COMMTO-GE,0,1,0.0,0.01
A1TELEKOM-AT A1 Telekom Austria AG,0,1,0.0,0.01
WOODYNET-2,0,1,0.0,0.01
NETHER-NET,0,1,0.0,0.01
COMMTO-LN,0,1,0.0,0.01
DATAHATA-AS,0,1,0.0,0.01
COMMTOUCH-INC,0,1,0.0,0.01
ACTIVECLOUD-BY-AS,0,1,0.0,0.01
MNET-AS Germany,0,5,0.0,0.05
WOLFRAM-AS,0,2,0.0,0.02
NO-TV2-AS,0,1,0.0,0.01
TV2-NORWAY,0,1,0.0,0.01
VNPT-AS-VN Vietnam Posts and Telecommunications VNPT,0,2,0.0,0.02
CHINATELECOM-FUJIAN-FUZHOU-IDC1 Fuzhou,0,1,0.0,0.01
COMMTOUCH-INC-2,0,1,0.0,0.01
INTERNET_AG Frankfurt-Munich-Stuttgart-Amsterdam-London,0,6,0.0,0.06
CSSMPS-AS,0,1,0.0,0.01
CELESTE-AS CELESTE - Internet services provider,0,2,0.0,0.02
ITHAKA-AS32920,0,1,0.0,0.01
ALMOUROLTEC,0,1,0.0,0.01
WAVECOM-AS,0,1,0.0,0.01
COLOCALL Internet Data Center ColoCALL,0,1,0.0,0.01
VOLIA,0,1,0.0,0.01
IXBT-AS,0,1,0.0,0.01
CROC-AS,0,1,0.0,0.01
ITHAKA-AS-AA2,0,1,0.0,0.01
TRANSTELECOM Moscow,0,2,0.0,0.02
LEXIS-AS,0,1,0.0,0.01
COMGW,0,1,0.0,0.01
Aspire Technology Solutions,0,1,0.0,0.01
CROWNCASTLE-AS46887,0,1,0.0,0.01
LWS,0,1,0.0,0.01
KNIPP-IRONDNS1-AS Technologiepark,0,4,0.0,0.04
NORIS-NETWORK IT Service Provider located in Nuernberg,0,17,0.0,0.16999999999999998
LDPL-AS-AP LEGEND DYNASTY PTE. LTD.,0,2,0.0,0.02
VIEWQWEST-SG-AP Viewqwest Pte Ltd,0,1,0.0,0.01
PAINEWEBBER-ASN,0,1,0.0,0.01
Switzerland,0,1,0.0,0.01
UBSGROUPAG-AS-AP UBS Group AG,0,1,0.0,0.01
UBSW-STAMFORD,0,1,0.0,0.01
BJ-GUANGHUAN-AP Beijing Guanghuan Xinwang Digital,0,3,0.0,0.03
WESTCLOUDDATA Ningxia West Cloud Data Technology Co.Ltd.,0,3,0.0,0.03
FLOKINET,0,1,0.0,0.01
PRQ-AS PRQ VPN Network,0,1,0.0,0.01
ABSTRACT,0,2,0.0,0.02
VIANET-ASN,0,1,0.0,0.01
UCSC,0,1,0.0,0.01
RIPN-NS5-RU-MSK,0,2,0.0,0.02
S7-AS,0,1,0.0,0.01
S7IT-AS,0,1,0.0,0.01
REDPILL-LINPRO Redpill Linpro,0,2,0.0,0.02
AXIS-AS,0,1,0.0,0.01
NETNOD-IX Netnod AB,0,8,0.0,0.08
GD-EMEA-DC-SXB1,0,1,0.0,0.01
UONET,0,3,0.0,0.03
SEJONGTELECOM-AS-KR Sejong Telecom,0,1,0.0,0.01
NM-01,0,1,0.0,0.01
BSO,0,1,0.0,0.01
NORDUNET,0,1,0.0,0.01
MYLOC-AS IP Backbone of myLoc managed IT AG,0,1,0.0,0.01
YALE-AS,0,2,0.0,0.02
CLARO S.A.,0,5,0.0,0.05
PENN-STATE,0,1,0.0,0.01
LEASEWEB-UK-LON-11,0,4,0.0,0.04
SUPERHOSTING_AS,0,4,0.0,0.04
NETCUP-AS netcup GmbH,0,3,0.0,0.03
KAPPERNET,0,1,0.0,0.01
AS3602-ROGERS-COM,0,1,0.0,0.01
JOESDATACENTER,0,1,0.0,0.01
SERVERROOM,0,1,0.0,0.01
IRANET-IPM,0,1,0.0,0.01
AFRANET from AS58267 accept AS58267,0,2,0.0,0.02
LACTLD - LATIN AMERICAN AND CARIBBEAN TLD ASSOCIATION,0,1,0.0,0.01
DONGA-NET-AS donga.com,0,1,0.0,0.01
Pontificia Universidad Catolica Madre y Maestra PUCMM,0,1,0.0,0.01
TEVIA-AS,0,1,0.0,0.01
ONLANTA-NET,0,1,0.0,0.01
VODAFONE-GROUP,0,2,0.0,0.02
VF-GROUP-DC1,0,2,0.0,0.02
XSERVER Xserver Inc.,0,2,0.0,0.02
DQECOM,0,1,0.0,0.01
ACS-INTERNET,0,1,0.0,0.01
CSHL,0,1,0.0,0.01
POZMAN POZMAN-EDU,0,1,0.0,0.01
IWSNET,0,2,0.0,0.02
ABRAXIS,0,3,0.0,0.03
DEERE,0,1,0.0,0.01
MYTHIC Mythic Beasts Ltd,0,2,0.0,0.02
ARIN-PFS-SEA,0,1,0.0,0.01
3M-HDQ-AS,0,1,0.0,0.01
QUANTCOM-AS Quantcom a.s.,0,30,0.0,0.3
SERVERIUS-AS,0,1,0.0,0.01
IPSERVER-RU-NET Fiord,0,2,0.0,0.02
FASTER-AS,0,1,0.0,0.01
ASGHOSTNET,0,1,0.0,0.01
PDXNET,0,1,0.0,0.01
CMNET-V4SHANGHAI-AS-AP Shanghai Mobile Communications Co.,0,1,0.0,0.01
CUII CHINA UNICOM Industrial Internet Backbone,0,1,0.0,0.01
ARTCOMPANY,0,29,0.0,0.29
UCINET-AS,0,1,0.0,0.01
ADYEN,0,1,0.0,0.01
ADYEN2,0,1,0.0,0.01
DETIK-AS-ID PT. Detik Ini JUga,0,1,0.0,0.01
ARIN-PFS-IAD,0,1,0.0,0.01
Lund University,0,2,0.0,0.02
ARIN-PFS-SJC,0,1,0.0,0.01
UPENN,0,2,0.0,0.02
GSU10631,0,1,0.0,0.01
BR.Digital Provider,0,1,0.0,0.01
ALGAR TELECOM SA,0,1,0.0,0.01
EVO,0,1,0.0,0.01
MIAMI-EDU,0,2,0.0,0.02
UCLA,0,1,0.0,0.01
ASSEFLOW,0,3,0.0,0.03
MORENET,0,1,0.0,0.01
UNIVERSITY-OF-MISSOURI---COLUMBIA,0,1,0.0,0.01
BASHNET-AS,0,1,0.0,0.01
ASMAMBA,0,1,0.0,0.01
TILAA,0,31,0.0,0.31
TOPTELECOM-AS,0,1,0.0,0.01
KNIPPWORLDWI,0,5,0.0,0.05
Credit Agricole,0,1,0.0,0.01
WISC-MADISON-AS,0,2,0.0,0.02
RESPINA-AS,0,2,0.0,0.02
CYBERTRUST former Cybertrust,0,1,0.0,0.01
MNSHA-AS,0,3,0.0,0.03
LEASEWEB-USA-WDC,0,4,0.0,0.04
MAGYAR-TELEKOM-MAIN-AS Magyar Telekom Nyrt.,0,3,0.0,0.03
SOX,0,2,0.0,0.02
NIKHEF Nikhef,0,1,0.0,0.01
BYU,0,1,0.0,0.01
CWI-,0,1,0.0,0.01
RUTGERS,0,3,0.0,0.03
LDSCHURCH1,0,1,0.0,0.01
SOLIDTOOLSINC,0,1,0.0,0.01
CL-ASN-01,0,1,0.0,0.01
FRAUNHOFER-CLUSTER-BW Research Institutes spread all over Germany,0,1,0.0,0.01
COLORADOSTATEUNIV,0,1,0.0,0.01
IPO-EU,0,2,0.0,0.02
SCH-,0,1,0.0,0.01
TELE2,0,1,0.0,0.01
Moscow Mayors Office,0,2,0.0,0.02
COMCOR-AS Moscow,0,7,0.0,0.06999999999999999
TIGERTECH,0,1,0.0,0.01
EMPIRION Horneckgasse 8,0,1,0.0,0.01
DERSTANDARD-AS,0,1,0.0,0.01
Gutenbergstrasse 8,0,2,0.0,0.02
KRYSTAL,0,2,0.0,0.02
AWARESOFT,0,1,0.0,0.01
ADELAIDE-UNIVERSITY-AS-AP The University of Adelaide,0,2,0.0,0.02
NAMESHIELDGRP,0,14,0.0,0.13999999999999999
NAMESHIELD,0,17,0.0,0.16999999999999998
NINE,0,1,0.0,0.01
EXOSCALE,0,1,0.0,0.01
British Airways,0,1,0.0,0.01
COMBELL-AS,0,1,0.0,0.01
TUCOWS-3,0,11,0.0,0.11
NETRACK-AS,0,2,0.0,0.02
DISIC-RIE-AS,0,1,0.0,0.01
TELIA-TCN Telia Corporate Network,0,2,0.0,0.02
TELIANET-SWEDEN Telia Company,0,2,0.0,0.02
CPS,0,1,0.0,0.01
Telefonica de Argentina,0,2,0.0,0.02
APNIC-ANYCAST Asia Pacific Network Information Centre,0,1,0.0,0.01
REEDELSEVIER-AUSTRALIA Reed Elsevier Australia Pty Ltd,0,3,0.0,0.03
IASTATE-AS,0,1,0.0,0.01
U-ALBERTA,0,1,0.0,0.01
REED-ELSEVIER-EMEA-GCC,0,3,0.0,0.03
ML-PROD-INTERNET-NORTH,0,1,0.0,0.01
ML-PROD-INTERNET-SOUTH,0,1,0.0,0.01
LEXIS2-AS,0,4,0.0,0.04
VIRTUA-SYSTEMS,0,3,0.0,0.03
STACKGROUP,0,2,0.0,0.02
HARVARD-UNIV,0,1,0.0,0.01
O2CLOUD,0,1,0.0,0.01
INFOSPHERE NTT PC Communications,0,3,0.0,0.03
AIF,0,1,0.0,0.01
SMARTAPE,0,1,0.0,0.01
PUBLICLOUD,0,4,0.0,0.04
IQPL-AS,0,1,0.0,0.01
UTDALLAS,0,1,0.0,0.01
THENET-AS-3354,0,1,0.0,0.01
TI-AS,0,1,0.0,0.01
TID-AS,0,1,0.0,0.01
EFIGENCE-AS,0,1,0.0,0.01
TUCOWS,0,11,0.0,0.11
CROC_INC,0,1,0.0,0.01
UWATERLOO,0,1,0.0,0.01
SPRINTLINK-HOSTING,0,1,0.0,0.01
BRIGHAM-YOUNG-UNIVERSITY-IDAHO,0,1,0.0,0.01
Astana,0,1,0.0,0.01
NICUA-AS,0,2,0.0,0.02
MASSIVE-NETWORKS,0,2,0.0,0.02
IPX-AS15598,0,1,0.0,0.01
SUSE,0,1,0.0,0.01
BSKYB-BROADBAND-AS,0,2,0.0,0.02
NOTRE-DAME-AS,0,1,0.0,0.01
AAAS,0,3,0.0,0.03
INET-AS,0,1,0.0,0.01
M247,0,1,0.0,0.01
LIFESTREAM-AS,0,1,0.0,0.01
IOMART-AS,0,3,0.0,0.03
UNITTEL-AS,0,1,0.0,0.01
PROSVESHCHENIYE-AS,0,1,0.0,0.01
BT-ITALIA,0,1,0.0,0.01
FPT-AS-AP FPT Telecom Company,0,9,0.0,0.09
PEARSON-APAC Pearson Group,0,1,0.0,0.01
PEARSON-NA,0,1,0.0,0.01
PEARSON-EMEA,0,1,0.0,0.01
DRI,0,1,0.0,0.01
ETIX-EVERYWHERE,0,1,0.0,0.01
MTS-CLOUD-A,0,1,0.0,0.01
BUFFALO-ASN,0,1,0.0,0.01
NYSERNET3-AS,0,1,0.0,0.01
UNIVERSIDADE DE SAO PAULO,0,1,0.0,0.01
FUNDACAO DE AMPARO A PESQUISA DO ESTADO SAO PAULO,0,1,0.0,0.01
KINXIDC-AS-KR KINX,0,2,0.0,0.02
TBS-NET Tokyo Broadcasting System Television,0,1,0.0,0.01
Alestra,0,1,0.0,0.01
RCC-RDC-AS,0,1,0.0,0.01
ROGERS-COMMUNICATIONS,0,2,0.0,0.02
KL-AS,0,1,0.0,0.01
PSKZ-ALA,0,7,0.0,0.06999999999999999
NETMIHAN,0,1,0.0,0.01
MSU Vorobjovy Gory,0,1,0.0,0.01
IMT,0,1,0.0,0.01
NETCOLOGNE,0,2,0.0,0.02
AHM-CORP,0,1,0.0,0.01
UNICOM-CN China Unicom IP network,0,3,0.0,0.03
SAKURA-A SAKURA Internet Inc.,0,9,0.0,0.09
CENTRALNIC-ANYCAST-B CentralNic Anycast-B AS Number,0,10,0.0,0.1
FIRST-SERVER-EUROPE,0,2,0.0,0.02
NYNEX-AS,0,2,0.0,0.02
CENTRALNIC-ANYCAST-E,0,9,0.0,0.09
CENTRALNIC-ANYCAST-F,0,9,0.0,0.09
GIGASET-AS,0,2,0.0,0.02
RSNET-AS RSNET,0,2,0.0,0.02
CENTRALNIC-ANYCAST-A CentralNic Anycast-A AS Number,0,10,0.0,0.1
ICICIBANK-AS ICICIBANK Ltd,0,2,0.0,0.02
UNI-KOELN,0,2,0.0,0.02
DEUTSCHE-WELLE,0,1,0.0,0.01
RIT-ASN,0,1,0.0,0.01
CABLEONE,0,1,0.0,0.01
AMA-AS-0001,0,1,0.0,0.01
NSF-HQ-AS,0,1,0.0,0.01
RECOVERYPOINTSYSTEMS,0,1,0.0,0.01
E-DNS-JP WIDE Project,0,1,0.0,0.01
JPNIC Japan Network Information Center,0,1,0.0,0.01
A-DNS-JP Japan Registry Service Co.,0,1,0.0,0.01
JPRS-NAYUTA Japan Registry Service Co.,0,1,0.0,0.01
VIETEL-AS-AP Viettel Group,0,6,0.0,0.06
FR-LYRES Lyon Recherche et Enseignement Superieur LyRES,0,1,0.0,0.01
FPTCLOUD-AS-VN FPT Smart Cloud Company Limited,0,1,0.0,0.01
FR-RENATER-REAUMUR Reseau Regional REAUMUR,0,1,0.0,0.01
SNAKER-AS-AP Ministry of University Affairs,0,1,0.0,0.01
VOLKSWAGEN Volkswagen AG,0,1,0.0,0.01
BRNET,0,1,0.0,0.01
CORESPACE-DAL,0,1,0.0,0.01
